iid,level,filter,det_prob_facenet,id_loss_facenet
id01,0,none,0.999901533126831,0.0
id01,1,edge_preserve,0.9999542236328125,0.0660398006439209
id01,2,stylize_25,0.999962329864502,0.2856270670890808
id01,3,stylize_45,0.9998946189880371,0.29018938541412354
id01,4,stylize_60,0.9998824596405029,0.36255061626434326
id01,5,pencil_colour,0.841411292552948,0.9398317821323872
id03,0,none,0.9999164342880249,0.0
id03,1,edge_preserve,0.9999270439147949,0.1098138689994812
id03,2,stylize_25,0.9999855756759644,0.2837402820587158
id03,3,stylize_45,0.9999532699584961,0.2920103073120117
id03,4,stylize_60,0.9999501705169678,0.2564319968223572
id03,5,pencil_colour,0.9618794918060303,0.5680291652679443
id05,0,none,0.9999973773956299,0.0
id05,1,edge_preserve,0.9999990463256836,0.03263139724731445
id05,2,stylize_25,0.9999979734420776,0.19767695665359497
id05,3,stylize_45,0.9999990463256836,0.2371273636817932
id05,4,stylize_60,0.9999940395355225,0.31648528575897217
id05,5,pencil_colour,0.7327038645744324,1.0251841936260462
id07,0,none,0.9999666213989258,0.0
id07,1,edge_preserve,0.9999897480010986,0.0963970422744751
id07,2,stylize_25,0.99988853931427,0.3365873098373413
id07,3,stylize_45,0.9991635084152222,0.27154815196990967
id07,4,stylize_60,0.9999876022338867,0.3296997547149658
id07,5,pencil_colour,0.9992755055427551,0.6085595488548279
id09,0,none,0.9999207258224487,-1.1920928955078125e-07
id09,1,edge_preserve,0.9998565912246704,0.08212143182754517
id09,2,stylize_25,0.9953516721725464,0.17097735404968262
id09,3,stylize_45,0.9968881011009216,0.2326585054397583
id09,4,stylize_60,0.9962355494499207,0.27218198776245117
id09,5,pencil_colour,0.7164874076843262,0.8642934262752533
id10,0,none,0.999996542930603,0.0
id10,1,edge_preserve,0.9999896287918091,0.061887502670288086
id10,2,stylize_25,0.9999597072601318,0.18768298625946045
id10,3,stylize_45,0.9999488592147827,0.2279333472251892
id10,4,stylize_60,0.9998792409896851,0.25728797912597656
id10,5,pencil_colour,,
id11,0,none,0.9999850988388062,-1.1920928955078125e-07
id11,1,edge_preserve,0.9999210834503174,0.06955218315124512
id11,2,stylize_25,0.9990496039390564,0.1402418613433838
id11,3,stylize_45,0.9999853372573853,0.18702983856201172
id11,4,stylize_60,0.9999914169311523,0.2629191279411316
id11,5,pencil_colour,0.9857473969459534,0.9202981218695641
id12,0,none,0.999993085861206,0.0
id12,1,edge_preserve,0.9999898672103882,0.06563729047775269
id12,2,stylize_25,0.9999589920043945,0.21080422401428223
id12,3,stylize_45,0.9999568462371826,0.17170381546020508
id12,4,stylize_60,0.9999161958694458,0.19295567274093628
id12,5,pencil_colour,0.9984667301177979,0.5563212633132935
