cell,method,iid,pid,image_found,face_detected_facenet,det_prob_facenet,face_frac_facenet,id_loss_facenet
id01|p001_photoreal,sweep_infu_cs06,id01,p001_photoreal,True,True,0.9999977350234985,0.10778959927055824,0.43913763761520386
id03|p001_photoreal,sweep_infu_cs06,id03,p001_photoreal,True,True,0.99994957447052,0.08627427221654216,0.25273966789245605
id05|p001_photoreal,sweep_infu_cs06,id05,p001_photoreal,True,True,0.9999732971191406,0.12473390031700098,0.5148569345474243
id07|p001_photoreal,sweep_infu_cs06,id07,p001_photoreal,True,True,0.9999732971191406,0.10131117620897576,0.30628514289855957
id01|p001_oil_painting,sweep_infu_cs06,id01,p001_oil_painting,True,True,0.9999481439590454,0.039356077040519334,0.4760323762893677
id03|p001_oil_painting,sweep_infu_cs06,id03,p001_oil_painting,True,True,0.9998667240142822,0.06318583288728952,0.28730809688568115
id05|p001_oil_painting,sweep_infu_cs06,id05,p001_oil_painting,True,True,0.9999873638153076,0.05970127132418253,0.5326994061470032
id07|p001_oil_painting,sweep_infu_cs06,id07,p001_oil_painting,True,True,0.9992095232009888,0.06425618892387354,0.3523128032684326
id01|p001_render_3d,sweep_infu_cs06,id01,p001_render_3d,True,True,0.9999994039535522,0.05365434143210436,0.3144800662994385
id03|p001_render_3d,sweep_infu_cs06,id03,p001_render_3d,True,True,0.9999855756759644,0.0603054973650405,0.40424948930740356
id05|p001_render_3d,sweep_infu_cs06,id05,p001_render_3d,True,True,0.9999995231628418,0.09689555259897442,0.4916876554489136
id07|p001_render_3d,sweep_infu_cs06,id07,p001_render_3d,True,True,0.9999922513961792,0.09446632723581759,0.3664795160293579
id01|p001_watercolour,sweep_infu_cs06,id01,p001_watercolour,True,True,0.9999558925628662,0.06075803587583808,0.2775230407714844
id03|p001_watercolour,sweep_infu_cs06,id03,p001_watercolour,True,True,0.9999914169311523,0.045713004331053436,0.2767537832260132
id05|p001_watercolour,sweep_infu_cs06,id05,p001_watercolour,True,True,0.9993880987167358,0.09181769484860117,0.37553852796554565
id07|p001_watercolour,sweep_infu_cs06,id07,p001_watercolour,True,True,0.9997484087944031,0.09726654388268312,0.38027000427246094
id01|p010_photoreal,sweep_infu_cs06,id01,p010_photoreal,True,True,0.9999998807907104,0.025597900392735955,0.19746798276901245
id03|p010_photoreal,sweep_infu_cs06,id03,p010_photoreal,True,True,0.9999687671661377,0.029930878632636035,0.20945501327514648
id05|p010_photoreal,sweep_infu_cs06,id05,p010_photoreal,True,True,0.998354971408844,0.03617224022344336,0.39474475383758545
id07|p010_photoreal,sweep_infu_cs06,id07,p010_photoreal,True,True,0.9999759197235107,0.015355876305168041,0.3456861972808838
id01|p010_oil_painting,sweep_infu_cs06,id01,p010_oil_painting,True,True,0.9999998807907104,0.023134077288078148,0.4371570944786072
id03|p010_oil_painting,sweep_infu_cs06,id03,p010_oil_painting,True,True,0.9998981952667236,0.0350980573722985,0.09985792636871338
id05|p010_oil_painting,sweep_infu_cs06,id05,p010_oil_painting,True,True,0.999404788017273,0.0351348466615388,0.2978857755661011
id07|p010_oil_painting,sweep_infu_cs06,id07,p010_oil_painting,True,True,0.9999978542327881,0.016423010543062614,0.2659043073654175
id01|p010_render_3d,sweep_infu_cs06,id01,p010_render_3d,True,True,0.9999982118606567,0.034433214955394455,0.3435268998146057
id03|p010_render_3d,sweep_infu_cs06,id03,p010_render_3d,True,True,0.9998297691345215,0.016789928088829908,0.16189444065093994
id05|p010_render_3d,sweep_infu_cs06,id05,p010_render_3d,True,True,0.9999616146087646,0.007770775275366104,0.6864394545555115
id07|p010_render_3d,sweep_infu_cs06,id07,p010_render_3d,True,True,0.9994490742683411,0.009455581419076245,0.3328532576560974
id01|p010_watercolour,sweep_infu_cs06,id01,p010_watercolour,True,True,0.9998893737792969,0.020070722535102885,0.32365620136260986
id03|p010_watercolour,sweep_infu_cs06,id03,p010_watercolour,True,True,0.9999867677688599,0.01638794464623448,0.20624464750289917
id05|p010_watercolour,sweep_infu_cs06,id05,p010_watercolour,True,True,0.9999603033065796,0.007639426152843919,0.6805657744407654
id07|p010_watercolour,sweep_infu_cs06,id07,p010_watercolour,True,True,0.9999994039535522,0.015568294524050431,0.43458497524261475
id01|p034_photoreal,sweep_infu_cs06,id01,p034_photoreal,True,True,0.9999998807907104,0.019585082364148826,0.2728142738342285
id03|p034_photoreal,sweep_infu_cs06,id03,p034_photoreal,True,True,0.9999380111694336,0.018453746034699604,0.11623585224151611
id05|p034_photoreal,sweep_infu_cs06,id05,p034_photoreal,True,True,1.0,0.02535618015147552,0.424355149269104
id07|p034_photoreal,sweep_infu_cs06,id07,p034_photoreal,True,True,0.9999468326568604,0.024719784782850363,0.278670072555542
id01|p034_oil_painting,sweep_infu_cs06,id01,p034_oil_painting,True,True,0.9999972581863403,0.018375997130540056,0.22255200147628784
id03|p034_oil_painting,sweep_infu_cs06,id03,p034_oil_painting,True,True,0.999862790107727,0.017927476172383616,0.12907010316848755
id05|p034_oil_painting,sweep_infu_cs06,id05,p034_oil_painting,True,True,1.0,0.02657322725452913,0.4026378393173218
id07|p034_oil_painting,sweep_infu_cs06,id07,p034_oil_painting,True,True,0.9993300437927246,0.025947191527536603,0.37328553199768066
id01|p034_render_3d,sweep_infu_cs06,id01,p034_render_3d,True,True,0.999873161315918,0.016766086980369587,0.28559601306915283
id03|p034_render_3d,sweep_infu_cs06,id03,p034_render_3d,True,True,0.9994854927062988,0.018144342532785365,0.09314239025115967
id05|p034_render_3d,sweep_infu_cs06,id05,p034_render_3d,True,True,0.9999738931655884,0.03250207835132526,0.44278526306152344
id07|p034_render_3d,sweep_infu_cs06,id07,p034_render_3d,True,True,0.9998581409454346,0.023659896652396657,0.2964138984680176
id01|p034_watercolour,sweep_infu_cs06,id01,p034_watercolour,True,True,0.9999942779541016,0.006447785920082562,0.35475003719329834
id03|p034_watercolour,sweep_infu_cs06,id03,p034_watercolour,True,True,0.9999657869338989,0.010925805787905326,0.1858760118484497
id05|p034_watercolour,sweep_infu_cs06,id05,p034_watercolour,True,True,0.9989203214645386,0.01244091960924615,0.4597228169441223
id07|p034_watercolour,sweep_infu_cs06,id07,p034_watercolour,True,True,0.9999468326568604,0.01883619231605533,0.35048234462738037
id01|p039_photoreal,sweep_infu_cs06,id01,p039_photoreal,True,True,0.9999997615814209,0.008271023930590994,0.32260793447494507
id03|p039_photoreal,sweep_infu_cs06,id03,p039_photoreal,True,True,0.8877952098846436,0.006449835206901631,0.824526771903038
id05|p039_photoreal,sweep_infu_cs06,id05,p039_photoreal,True,True,0.9998170733451843,0.008086633733177627,0.6644075512886047
id07|p039_photoreal,sweep_infu_cs06,id07,p039_photoreal,True,True,0.8708212375640869,0.00808928314321515,1.0392452776432037
id01|p039_oil_painting,sweep_infu_cs06,id01,p039_oil_painting,True,True,0.9995217323303223,0.0037099090095308973,0.9660510793328285
id03|p039_oil_painting,sweep_infu_cs06,id03,p039_oil_painting,True,True,0.9999990463256836,0.001514384979600436,1.260490357875824
id05|p039_oil_painting,sweep_infu_cs06,id05,p039_oil_painting,True,True,1.0,0.0069799391644664865,0.48452770709991455
id07|p039_oil_painting,sweep_infu_cs06,id07,p039_oil_painting,True,True,0.9999228715896606,0.004133950900266374,0.7011391520500183
id01|p039_render_3d,sweep_infu_cs06,id01,p039_render_3d,True,True,0.8714495301246643,0.003113350942974783,0.845059722661972
id03|p039_render_3d,sweep_infu_cs06,id03,p039_render_3d,True,True,0.7275192737579346,0.01045377358608406,0.9298643320798874
id05|p039_render_3d,sweep_infu_cs06,id05,p039_render_3d,True,True,0.7409476637840271,0.03458062135661838,1.0390080399811268
id07|p039_render_3d,sweep_infu_cs06,id07,p039_render_3d,True,True,0.9999752044677734,0.004730902852349606,0.8573490530252457
id01|p039_watercolour,sweep_infu_cs06,id01,p039_watercolour,True,True,0.9951316118240356,0.0014027551857957443,0.9224323630332947
id03|p039_watercolour,sweep_infu_cs06,id03,p039_watercolour,True,True,0.9472748041152954,0.00167385278835489,0.7987747639417648
id05|p039_watercolour,sweep_infu_cs06,id05,p039_watercolour,True,True,0.9999619722366333,0.001066369634357589,0.8312871754169464
id07|p039_watercolour,sweep_infu_cs06,id07,p039_watercolour,True,True,0.999967098236084,0.0026316341373051636,1.0526439845561981
id01|p068_photoreal,sweep_infu_cs06,id01,p068_photoreal,True,True,1.0,0.06713998675812957,0.24473583698272705
id03|p068_photoreal,sweep_infu_cs06,id03,p068_photoreal,True,True,0.9999856948852539,0.0630018723210396,0.1818763017654419
id05|p068_photoreal,sweep_infu_cs06,id05,p068_photoreal,True,True,0.9999985694885254,0.04117988816817138,0.2700998783111572
id07|p068_photoreal,sweep_infu_cs06,id07,p068_photoreal,True,True,0.9999984502792358,0.10353015240661054,0.3057781457901001
id01|p068_oil_painting,sweep_infu_cs06,id01,p068_oil_painting,True,True,0.9999942779541016,0.057260636007854915,0.21203339099884033
id03|p068_oil_painting,sweep_infu_cs06,id03,p068_oil_painting,True,True,1.0,0.05005711365401179,0.11936211585998535
id05|p068_oil_painting,sweep_infu_cs06,id05,p068_oil_painting,True,True,0.9999523162841797,0.04182758772808652,0.2900206446647644
id07|p068_oil_painting,sweep_infu_cs06,id07,p068_oil_painting,True,True,0.9999936819076538,0.08215548553957354,0.2985478639602661
id01|p068_render_3d,sweep_infu_cs06,id01,p068_render_3d,True,True,0.9999992847442627,0.05393515461595778,0.31704938411712646
id03|p068_render_3d,sweep_infu_cs06,id03,p068_render_3d,True,True,1.0,0.05367862388221958,0.18878304958343506
id05|p068_render_3d,sweep_infu_cs06,id05,p068_render_3d,True,True,0.9999974966049194,0.043391684637568956,0.3864506483078003
id07|p068_render_3d,sweep_infu_cs06,id07,p068_render_3d,True,True,0.999951958656311,0.061144922453963454,0.27931928634643555
id01|p068_watercolour,sweep_infu_cs06,id01,p068_watercolour,True,True,1.0,0.056009507451443195,0.35590076446533203
id03|p068_watercolour,sweep_infu_cs06,id03,p068_watercolour,True,True,1.0,0.049617236207732535,0.15145039558410645
id05|p068_watercolour,sweep_infu_cs06,id05,p068_watercolour,True,True,0.9999983310699463,0.043217038348252065,0.2806282639503479
id07|p068_watercolour,sweep_infu_cs06,id07,p068_watercolour,True,True,0.9999451637268066,0.05939980067832031,0.3405172824859619
id01|p080_photoreal,sweep_infu_cs06,id01,p080_photoreal,True,True,0.9999972581863403,0.05507351003813182,0.29937899112701416
id03|p080_photoreal,sweep_infu_cs06,id03,p080_photoreal,True,True,0.9998800754547119,0.038846678462471536,0.24180275201797485
id05|p080_photoreal,sweep_infu_cs06,id05,p080_photoreal,True,True,0.9991461038589478,0.03937472797775409,0.5153576731681824
id07|p080_photoreal,sweep_infu_cs06,id07,p080_photoreal,True,False,,,
id01|p080_oil_painting,sweep_infu_cs06,id01,p080_oil_painting,True,True,0.9999909400939941,0.007990088615605536,0.7057690322399139
id03|p080_oil_painting,sweep_infu_cs06,id03,p080_oil_painting,True,True,0.9999966621398926,0.028735518031823067,0.2723538279533386
id05|p080_oil_painting,sweep_infu_cs06,id05,p080_oil_painting,True,False,,,
id07|p080_oil_painting,sweep_infu_cs06,id07,p080_oil_painting,True,True,0.9999809265136719,0.006887357719637323,0.27230560779571533
id01|p080_render_3d,sweep_infu_cs06,id01,p080_render_3d,True,True,0.996303915977478,0.04289438595781205,0.27968114614486694
id03|p080_render_3d,sweep_infu_cs06,id03,p080_render_3d,True,True,0.8737277984619141,0.009996043066381959,0.39465391635894775
id05|p080_render_3d,sweep_infu_cs06,id05,p080_render_3d,True,False,,,
id07|p080_render_3d,sweep_infu_cs06,id07,p080_render_3d,True,False,,,
id01|p080_watercolour,sweep_infu_cs06,id01,p080_watercolour,True,True,0.9999806880950928,0.016696060274036292,0.31398189067840576
id03|p080_watercolour,sweep_infu_cs06,id03,p080_watercolour,True,True,0.9999998807907104,0.04281908394590079,0.21282166242599487
id05|p080_watercolour,sweep_infu_cs06,id05,p080_watercolour,True,True,0.999950647354126,0.005826796352878627,0.48528414964675903
id07|p080_watercolour,sweep_infu_cs06,id07,p080_watercolour,True,True,0.9999996423721313,0.04636033847262469,0.33377784490585327
id09|p101_photoreal,sweep_infu_cs06,id09,p101_photoreal,True,True,0.9999808073043823,0.2623748954359699,0.556376725435257
id10|p101_photoreal,sweep_infu_cs06,id10,p101_photoreal,True,True,0.9994639754295349,0.32310715911151217,0.5190237164497375
id11|p101_photoreal,sweep_infu_cs06,id11,p101_photoreal,True,True,0.9989712238311768,0.20794340837915395,0.6003569662570953
id12|p101_photoreal,sweep_infu_cs06,id12,p101_photoreal,True,True,0.9999970197677612,0.3104150436786149,0.6668643355369568
id09|p101_oil_painting,sweep_infu_cs06,id09,p101_oil_painting,True,True,0.9998912811279297,0.10479089251954933,0.7824773192405701
id10|p101_oil_painting,sweep_infu_cs06,id10,p101_oil_painting,True,True,0.9999430179595947,0.10824074174012246,0.5020333528518677
id11|p101_oil_painting,sweep_infu_cs06,id11,p101_oil_painting,True,True,0.9999430179595947,0.12686815814808192,0.6321690678596497
id12|p101_oil_painting,sweep_infu_cs06,id12,p101_oil_painting,True,True,0.9950130581855774,0.14626863097928322,0.6597033143043518
id09|p101_render_3d,sweep_infu_cs06,id09,p101_render_3d,True,True,0.9999990463256836,0.06899962448315583,0.4597083330154419
id10|p101_render_3d,sweep_infu_cs06,id10,p101_render_3d,True,True,0.9999957084655762,0.2965342551496199,0.5251850485801697
id11|p101_render_3d,sweep_infu_cs06,id11,p101_render_3d,True,True,0.9999988079071045,0.146765150932008,0.5908864736557007
id12|p101_render_3d,sweep_infu_cs06,id12,p101_render_3d,True,True,0.9999874830245972,0.22380826384859473,0.6281020641326904
id09|p101_watercolour,sweep_infu_cs06,id09,p101_watercolour,True,True,0.9999549388885498,0.12493491945271537,0.64945387840271
id10|p101_watercolour,sweep_infu_cs06,id10,p101_watercolour,True,True,0.9996929168701172,0.1671566406020932,0.5916940867900848
id11|p101_watercolour,sweep_infu_cs06,id11,p101_watercolour,True,True,0.9998623132705688,0.22121842870541122,0.6865914463996887
id12|p101_watercolour,sweep_infu_cs06,id12,p101_watercolour,True,True,0.9995655417442322,0.22510744265123753,0.8297260105609894
id09|p122_photoreal,sweep_infu_cs06,id09,p122_photoreal,True,True,0.999997615814209,0.10940716519157523,0.25818926095962524
id10|p122_photoreal,sweep_infu_cs06,id10,p122_photoreal,True,True,0.9999985694885254,0.03648814587460139,0.3665555715560913
id11|p122_photoreal,sweep_infu_cs06,id11,p122_photoreal,True,True,0.9999972581863403,0.11703941403886998,0.2191472053527832
id12|p122_photoreal,sweep_infu_cs06,id12,p122_photoreal,True,True,0.9999970197677612,0.03310923516043355,0.20380032062530518
id09|p122_oil_painting,sweep_infu_cs06,id09,p122_oil_painting,True,True,0.999997615814209,0.047717212147923876,0.17527711391448975
id10|p122_oil_painting,sweep_infu_cs06,id10,p122_oil_painting,True,True,0.999998927116394,0.0337606366559395,0.2763948440551758
id11|p122_oil_painting,sweep_infu_cs06,id11,p122_oil_painting,True,True,0.9999985694885254,0.07859631515160342,0.1583946943283081
id12|p122_oil_painting,sweep_infu_cs06,id12,p122_oil_painting,True,True,0.9999997615814209,0.031334018726023476,0.20493268966674805
id09|p122_render_3d,sweep_infu_cs06,id09,p122_render_3d,True,True,0.9999966621398926,0.039775172578069735,0.18594932556152344
id10|p122_render_3d,sweep_infu_cs06,id10,p122_render_3d,True,True,0.9999997615814209,0.03391159791181053,0.3644399046897888
id11|p122_render_3d,sweep_infu_cs06,id11,p122_render_3d,True,True,0.9999953508377075,0.032911263276308785,0.13690906763076782
id12|p122_render_3d,sweep_infu_cs06,id12,p122_render_3d,True,True,0.9999768733978271,0.03146723643337835,0.18603897094726562
id09|p122_watercolour,sweep_infu_cs06,id09,p122_watercolour,True,True,1.0,0.030027448425145126,0.3106818199157715
id10|p122_watercolour,sweep_infu_cs06,id10,p122_watercolour,True,True,0.9999994039535522,0.04155534208615458,0.3496938943862915
id11|p122_watercolour,sweep_infu_cs06,id11,p122_watercolour,True,True,0.9999567270278931,0.010936972866570164,0.22759366035461426
id12|p122_watercolour,sweep_infu_cs06,id12,p122_watercolour,True,True,1.0,0.02545979120759301,0.22334015369415283
id09|p134_photoreal,sweep_infu_cs06,id09,p134_photoreal,True,True,0.9999998807907104,0.030830254725690703,0.17010587453842163
id10|p134_photoreal,sweep_infu_cs06,id10,p134_photoreal,True,True,1.0,0.010216308567881546,0.24560540914535522
id11|p134_photoreal,sweep_infu_cs06,id11,p134_photoreal,True,True,0.9999953508377075,0.02392757531433188,0.18043845891952515
id12|p134_photoreal,sweep_infu_cs06,id12,p134_photoreal,True,True,0.9999030828475952,0.020503671143115406,0.27129775285720825
id09|p134_oil_painting,sweep_infu_cs06,id09,p134_oil_painting,True,True,0.9999746084213257,0.025981931576077498,0.2365560531616211
id10|p134_oil_painting,sweep_infu_cs06,id10,p134_oil_painting,True,True,0.9999940395355225,0.009178923373258525,0.2862766981124878
id11|p134_oil_painting,sweep_infu_cs06,id11,p134_oil_painting,True,True,0.999998927116394,0.021420102614743506,0.17376339435577393
id12|p134_oil_painting,sweep_infu_cs06,id12,p134_oil_painting,True,True,0.9998138546943665,0.019849234807114122,0.27664458751678467
id09|p134_render_3d,sweep_infu_cs06,id09,p134_render_3d,True,True,0.9999951124191284,0.010908690558448913,0.1853783130645752
id10|p134_render_3d,sweep_infu_cs06,id10,p134_render_3d,True,True,0.9999997615814209,0.009720085842109621,0.3171110153198242
id11|p134_render_3d,sweep_infu_cs06,id11,p134_render_3d,True,True,0.9999997615814209,0.0101777523774255,0.22469019889831543
id12|p134_render_3d,sweep_infu_cs06,id12,p134_render_3d,True,True,0.9999992847442627,0.01677694353823168,0.3339763879776001
id09|p134_watercolour,sweep_infu_cs06,id09,p134_watercolour,True,True,0.9999988079071045,0.009194088414140558,0.3048129081726074
id10|p134_watercolour,sweep_infu_cs06,id10,p134_watercolour,True,True,0.9999996423721313,0.011331666769907022,0.16055828332901
id11|p134_watercolour,sweep_infu_cs06,id11,p134_watercolour,True,True,0.9997797608375549,0.009459602303195425,0.2359430193901062
id12|p134_watercolour,sweep_infu_cs06,id12,p134_watercolour,True,True,0.9999282360076904,0.008998994974993584,0.3622812032699585
id09|p153_photoreal,sweep_infu_cs06,id09,p153_photoreal,True,True,0.9999991655349731,0.0357486195534295,0.1959669589996338
id10|p153_photoreal,sweep_infu_cs06,id10,p153_photoreal,True,True,0.9999997615814209,0.027337657022454828,0.1920163631439209
id11|p153_photoreal,sweep_infu_cs06,id11,p153_photoreal,True,True,0.9999957084655762,0.02693009897336698,0.3034600019454956
id12|p153_photoreal,sweep_infu_cs06,id12,p153_photoreal,True,True,0.9999997615814209,0.022881685984794998,0.2489299774169922
id09|p153_oil_painting,sweep_infu_cs06,id09,p153_oil_painting,True,True,0.9999996423721313,0.008358908621394894,0.26350629329681396
id10|p153_oil_painting,sweep_infu_cs06,id10,p153_oil_painting,True,True,0.9999994039535522,0.01918930961143493,0.18583893775939941
id11|p153_oil_painting,sweep_infu_cs06,id11,p153_oil_painting,True,True,0.9999955892562866,0.008863189972036124,0.22293764352798462
id12|p153_oil_painting,sweep_infu_cs06,id12,p153_oil_painting,True,True,0.999996542930603,0.009190934918335726,0.395931601524353
id09|p153_render_3d,sweep_infu_cs06,id09,p153_render_3d,True,True,0.9999998807907104,0.027965302778672554,0.15926748514175415
id10|p153_render_3d,sweep_infu_cs06,id10,p153_render_3d,True,True,0.999998927116394,0.03024384280772693,0.2744557857513428
id11|p153_render_3d,sweep_infu_cs06,id11,p153_render_3d,True,True,0.9999974966049194,0.035252998323405296,0.21563869714736938
id12|p153_render_3d,sweep_infu_cs06,id12,p153_render_3d,True,True,0.9999997615814209,0.009191774059778017,0.2749532461166382
id09|p153_watercolour,sweep_infu_cs06,id09,p153_watercolour,True,True,1.0,0.008101603746935224,0.22336822748184204
id10|p153_watercolour,sweep_infu_cs06,id10,p153_watercolour,True,True,1.0,0.006284280221695362,0.286263108253479
id11|p153_watercolour,sweep_infu_cs06,id11,p153_watercolour,True,True,1.0,0.008906518352223954,0.31679773330688477
id12|p153_watercolour,sweep_infu_cs06,id12,p153_watercolour,True,True,1.0,0.009423044037196075,0.26697278022766113
id09|p168_photoreal,sweep_infu_cs06,id09,p168_photoreal,True,True,0.9999991655349731,0.04452013323136931,0.2298588752746582
id10|p168_photoreal,sweep_infu_cs06,id10,p168_photoreal,True,True,0.9999998807907104,0.047013469382636126,0.2664186954498291
id11|p168_photoreal,sweep_infu_cs06,id11,p168_photoreal,True,True,0.9999598264694214,0.043555924415787886,0.30227404832839966
id12|p168_photoreal,sweep_infu_cs06,id12,p168_photoreal,True,True,0.9999992847442627,0.04204843784678916,0.407873272895813
id09|p168_oil_painting,sweep_infu_cs06,id09,p168_oil_painting,True,True,0.9999998807907104,0.041577715138376416,0.23788225650787354
id10|p168_oil_painting,sweep_infu_cs06,id10,p168_oil_painting,True,True,1.0,0.04450561639014539,0.34055447578430176
id11|p168_oil_painting,sweep_infu_cs06,id11,p168_oil_painting,True,True,0.9997473359107971,0.03745461625143951,0.20564091205596924
id12|p168_oil_painting,sweep_infu_cs06,id12,p168_oil_painting,True,True,0.9999872446060181,0.039794167814353784,0.3049237132072449
id09|p168_render_3d,sweep_infu_cs06,id09,p168_render_3d,True,True,0.999998927116394,0.042074840516621116,0.2477806806564331
id10|p168_render_3d,sweep_infu_cs06,id10,p168_render_3d,True,True,1.0,0.04869611388786267,0.2433658242225647
id11|p168_render_3d,sweep_infu_cs06,id11,p168_render_3d,True,True,0.9999316930770874,0.03810640608662488,0.14772194623947144
id12|p168_render_3d,sweep_infu_cs06,id12,p168_render_3d,True,True,1.0,0.037726056989796974,0.2768595218658447
id09|p168_watercolour,sweep_infu_cs06,id09,p168_watercolour,True,True,0.9999982118606567,0.0378198527809973,0.2599102258682251
id10|p168_watercolour,sweep_infu_cs06,id10,p168_watercolour,True,True,0.9999998807907104,0.045818236961452166,0.28654181957244873
id11|p168_watercolour,sweep_infu_cs06,id11,p168_watercolour,True,True,0.9999228715896606,0.032687674866448004,0.14583039283752441
id12|p168_watercolour,sweep_infu_cs06,id12,p168_watercolour,True,True,0.9999994039535522,0.04098191363407801,0.3545527458190918
id09|p169_photoreal,sweep_infu_cs06,id09,p169_photoreal,True,True,0.9990335702896118,0.18542199629941578,0.25173521041870117
id10|p169_photoreal,sweep_infu_cs06,id10,p169_photoreal,True,True,0.9995269775390625,0.23652722488045697,0.42101144790649414
id11|p169_photoreal,sweep_infu_cs06,id11,p169_photoreal,True,True,0.9998816251754761,0.16827599670876706,0.4511973261833191
id12|p169_photoreal,sweep_infu_cs06,id12,p169_photoreal,True,True,0.9945080876350403,0.26492582337152726,0.5826239287853241
id09|p169_oil_painting,sweep_infu_cs06,id09,p169_oil_painting,True,True,0.9939256310462952,0.12516207636924823,0.30327117443084717
id10|p169_oil_painting,sweep_infu_cs06,id10,p169_oil_painting,True,True,0.9999812841415405,0.21873343997161795,0.2933574318885803
id11|p169_oil_painting,sweep_infu_cs06,id11,p169_oil_painting,True,True,0.9999285936355591,0.12573702019604274,0.35436099767684937
id12|p169_oil_painting,sweep_infu_cs06,id12,p169_oil_painting,True,True,0.9999610185623169,0.14402385225506537,0.48118650913238525
id09|p169_render_3d,sweep_infu_cs06,id09,p169_render_3d,True,True,0.9999818801879883,0.15880744581500975,0.22274422645568848
id10|p169_render_3d,sweep_infu_cs06,id10,p169_render_3d,True,True,0.9998830556869507,0.2441436887815426,0.41690659523010254
id11|p169_render_3d,sweep_infu_cs06,id11,p169_render_3d,True,True,0.9997667670249939,0.12901478162298738,0.42484164237976074
id12|p169_render_3d,sweep_infu_cs06,id12,p169_render_3d,True,True,0.9943331480026245,0.18713048320569214,0.6660734713077545
id09|p169_watercolour,sweep_infu_cs06,id09,p169_watercolour,True,True,0.999976396560669,0.1427308965036541,0.31990599632263184
id10|p169_watercolour,sweep_infu_cs06,id10,p169_watercolour,True,True,0.9999949932098389,0.1899952144846822,0.4434371590614319
id11|p169_watercolour,sweep_infu_cs06,id11,p169_watercolour,True,True,0.9999971389770508,0.16247452805534762,0.4136882424354553
id12|p169_watercolour,sweep_infu_cs06,id12,p169_watercolour,True,True,0.99852055311203,0.2727509997851507,0.572229266166687
