cell,method,iid,pid,image_found,face_detected_irse50,id_loss_irse50
pid_w|p001,paperid_infu,pid_w,p001,True,True,0.19611752033233643
pid_w|p002,paperid_infu,pid_w,p002,True,True,0.14998823404312134
pid_w|p003,paperid_infu,pid_w,p003,True,True,0.9660178497433662
pid_w|p004,paperid_infu,pid_w,p004,True,True,0.1636418104171753
pid_w|p005,paperid_infu,pid_w,p005,True,True,0.17178750038146973
pid_w|p006,paperid_infu,pid_w,p006,True,True,0.23891377449035645
pid_w|p007,paperid_infu,pid_w,p007,True,True,0.10459017753601074
pid_w|p008,paperid_infu,pid_w,p008,True,True,0.127771258354187
pid_w|p009,paperid_infu,pid_w,p009,True,True,0.1810300350189209
pid_w|p010,paperid_infu,pid_w,p010,True,True,0.21866387128829956
pid_w|p011,paperid_infu,pid_w,p011,True,True,0.15433907508850098
pid_w|p012,paperid_infu,pid_w,p012,True,True,0.17611992359161377
pid_w|p013,paperid_infu,pid_w,p013,True,True,0.19637882709503174
pid_w|p014,paperid_infu,pid_w,p014,True,True,0.16834485530853271
pid_w|p015,paperid_infu,pid_w,p015,True,True,0.2763223648071289
pid_w|p016,paperid_infu,pid_w,p016,True,True,0.14957988262176514
pid_w|p017,paperid_infu,pid_w,p017,True,True,0.15499460697174072
pid_w|p018,paperid_infu,pid_w,p018,True,True,0.3061761260032654
pid_w|p019,paperid_infu,pid_w,p019,True,True,0.14949703216552734
pid_w|p020,paperid_infu,pid_w,p020,True,True,0.19083458185195923
pid_w|p021,paperid_infu,pid_w,p021,True,True,0.27258968353271484
pid_w|p022,paperid_infu,pid_w,p022,True,True,0.13014447689056396
pid_w|p023,paperid_infu,pid_w,p023,True,True,0.1534961462020874
pid_w|p024,paperid_infu,pid_w,p024,True,True,0.1881176233291626
pid_w|p025,paperid_infu,pid_w,p025,True,True,0.21732521057128906
pid_w|p026,paperid_infu,pid_w,p026,True,True,0.15345454216003418
pid_w|p027,paperid_infu,pid_w,p027,True,True,0.6224389672279358
pid_w|p028,paperid_infu,pid_w,p028,True,True,0.12966203689575195
pid_w|p029,paperid_infu,pid_w,p029,True,True,0.1408768892288208
pid_w|p030,paperid_infu,pid_w,p030,True,True,0.6020375490188599
pid_w|p031,paperid_infu,pid_w,p031,True,True,0.14004212617874146
pid_w|p032,paperid_infu,pid_w,p032,True,True,0.23218607902526855
pid_w|p033,paperid_infu,pid_w,p033,True,True,0.40764278173446655
pid_w|p034,paperid_infu,pid_w,p034,True,True,0.1366361379623413
pid_w|p035,paperid_infu,pid_w,p035,True,True,0.15656578540802002
pid_w|p036,paperid_infu,pid_w,p036,True,True,0.17421501874923706
pid_w|p037,paperid_infu,pid_w,p037,True,True,0.15478307008743286
pid_w|p038,paperid_infu,pid_w,p038,True,True,0.18402838706970215
pid_w|p039,paperid_infu,pid_w,p039,True,True,0.2660320997238159
pid_w|p040,paperid_infu,pid_w,p040,True,True,0.25774258375167847
pid_w|p041,paperid_infu,pid_w,p041,True,True,0.19308209419250488
pid_w|p042,paperid_infu,pid_w,p042,True,True,0.39624184370040894
pid_w|p043,paperid_infu,pid_w,p043,True,True,0.18653953075408936
pid_w|p044,paperid_infu,pid_w,p044,True,True,0.26549309492111206
pid_w|p045,paperid_infu,pid_w,p045,True,True,0.2684817314147949
pid_w|p046,paperid_infu,pid_w,p046,True,True,0.23549354076385498
pid_w|p047,paperid_infu,pid_w,p047,True,True,0.22057336568832397
pid_w|p048,paperid_infu,pid_w,p048,True,True,0.26186269521713257
pid_w|p049,paperid_infu,pid_w,p049,True,True,0.24185121059417725
pid_w|p050,paperid_infu,pid_w,p050,True,True,0.15904998779296875
pid_w|p051,paperid_infu,pid_w,p051,True,True,0.1349201202392578
pid_w|p052,paperid_infu,pid_w,p052,True,True,0.19804906845092773
pid_w|p053,paperid_infu,pid_w,p053,True,True,0.1560204029083252
pid_w|p054,paperid_infu,pid_w,p054,True,True,0.14840173721313477
pid_w|p055,paperid_infu,pid_w,p055,True,True,0.16465306282043457
pid_w|p056,paperid_infu,pid_w,p056,True,True,0.15745443105697632
pid_w|p057,paperid_infu,pid_w,p057,True,True,0.12396371364593506
pid_w|p058,paperid_infu,pid_w,p058,True,True,0.4368169903755188
pid_w|p059,paperid_infu,pid_w,p059,True,True,0.20386826992034912
pid_w|p060,paperid_infu,pid_w,p060,True,True,0.2198513150215149
pid_w|p061,paperid_infu,pid_w,p061,True,True,0.3728044033050537
pid_w|p062,paperid_infu,pid_w,p062,True,True,0.2235729694366455
pid_w|p063,paperid_infu,pid_w,p063,True,True,0.20192623138427734
pid_w|p064,paperid_infu,pid_w,p064,True,False,
pid_w|p065,paperid_infu,pid_w,p065,True,True,0.18336975574493408
pid_w|p066,paperid_infu,pid_w,p066,True,True,0.2950805425643921
pid_w|p067,paperid_infu,pid_w,p067,True,True,0.7103540897369385
pid_w|p068,paperid_infu,pid_w,p068,True,True,0.13638824224472046
pid_w|p069,paperid_infu,pid_w,p069,True,True,0.2394062876701355
pid_w|p070,paperid_infu,pid_w,p070,True,True,0.9510205052793026
pid_w|p071,paperid_infu,pid_w,p071,True,True,0.5079867541790009
pid_w|p072,paperid_infu,pid_w,p072,True,True,0.11537384986877441
pid_w|p073,paperid_infu,pid_w,p073,True,True,0.17069542407989502
pid_w|p074,paperid_infu,pid_w,p074,True,True,0.8569050878286362
pid_w|p075,paperid_infu,pid_w,p075,True,True,0.18684202432632446
pid_w|p076,paperid_infu,pid_w,p076,True,True,0.26459693908691406
pid_w|p077,paperid_infu,pid_w,p077,True,True,0.191913902759552
pid_w|p078,paperid_infu,pid_w,p078,True,False,
pid_w|p079,paperid_infu,pid_w,p079,True,True,0.15984469652175903
pid_w|p080,paperid_infu,pid_w,p080,True,True,0.22935861349105835
pid_w|p081,paperid_infu,pid_w,p081,True,True,0.9552890360355377
pid_w|p082,paperid_infu,pid_w,p082,True,True,0.6850093901157379
pid_w|p083,paperid_infu,pid_w,p083,True,True,0.14183473587036133
pid_w|p084,paperid_infu,pid_w,p084,True,True,1.0065665263682604
pid_w|p085,paperid_infu,pid_w,p085,True,True,0.20418620109558105
pid_w|p086,paperid_infu,pid_w,p086,True,True,0.1786280870437622
pid_w|p087,paperid_infu,pid_w,p087,True,True,0.24809539318084717
pid_w|p088,paperid_infu,pid_w,p088,True,True,0.4203609228134155
pid_w|p089,paperid_infu,pid_w,p089,True,True,0.17571622133255005
pid_w|p090,paperid_infu,pid_w,p090,True,False,
pid_w|p091,paperid_infu,pid_w,p091,True,True,0.25746583938598633
pid_w|p092,paperid_infu,pid_w,p092,True,True,0.3625483512878418
pid_w|p093,paperid_infu,pid_w,p093,True,True,0.2992262840270996
pid_w|p094,paperid_infu,pid_w,p094,True,True,0.5008780658245087
pid_w|p095,paperid_infu,pid_w,p095,True,True,1.0259657055139542
pid_w|p096,paperid_infu,pid_w,p096,True,True,0.15663373470306396
pid_w|p097,paperid_infu,pid_w,p097,True,False,
pid_w|p098,paperid_infu,pid_w,p098,True,True,0.8162325024604797
pid_w|p099,paperid_infu,pid_w,p099,True,True,0.4291380047798157
pid_w|p100,paperid_infu,pid_w,p100,True,True,0.13970661163330078
pid_m|p101,paperid_infu,pid_m,p101,True,True,0.14844703674316406
pid_m|p102,paperid_infu,pid_m,p102,True,True,0.09745925664901733
pid_m|p103,paperid_infu,pid_m,p103,True,True,0.2775028347969055
pid_m|p104,paperid_infu,pid_m,p104,True,True,0.1052713394165039
pid_m|p105,paperid_infu,pid_m,p105,True,True,0.1340007781982422
pid_m|p106,paperid_infu,pid_m,p106,True,True,0.1933504343032837
pid_m|p107,paperid_infu,pid_m,p107,True,True,0.111003577709198
pid_m|p108,paperid_infu,pid_m,p108,True,True,0.19441521167755127
pid_m|p109,paperid_infu,pid_m,p109,True,True,0.3852089047431946
pid_m|p110,paperid_infu,pid_m,p110,True,True,0.10302406549453735
pid_m|p111,paperid_infu,pid_m,p111,True,True,0.3189108371734619
pid_m|p112,paperid_infu,pid_m,p112,True,True,0.2016656994819641
pid_m|p113,paperid_infu,pid_m,p113,True,True,0.19113057851791382
pid_m|p114,paperid_infu,pid_m,p114,True,True,0.1314305067062378
pid_m|p115,paperid_infu,pid_m,p115,True,True,0.11791229248046875
pid_m|p116,paperid_infu,pid_m,p116,True,True,0.14406836032867432
pid_m|p117,paperid_infu,pid_m,p117,True,True,0.10972034931182861
pid_m|p118,paperid_infu,pid_m,p118,True,True,0.26656919717788696
pid_m|p119,paperid_infu,pid_m,p119,True,True,0.1243133544921875
pid_m|p120,paperid_infu,pid_m,p120,True,True,0.17120301723480225
pid_m|p121,paperid_infu,pid_m,p121,True,True,0.11034917831420898
pid_m|p122,paperid_infu,pid_m,p122,True,True,0.0993998646736145
pid_m|p123,paperid_infu,pid_m,p123,True,True,0.11871683597564697
pid_m|p124,paperid_infu,pid_m,p124,True,True,0.374967098236084
pid_m|p125,paperid_infu,pid_m,p125,True,True,0.1479606032371521
pid_m|p126,paperid_infu,pid_m,p126,True,True,0.19463199377059937
pid_m|p127,paperid_infu,pid_m,p127,True,True,0.15981626510620117
pid_m|p128,paperid_infu,pid_m,p128,True,True,0.1123805046081543
pid_m|p129,paperid_infu,pid_m,p129,True,True,0.10999584197998047
pid_m|p130,paperid_infu,pid_m,p130,True,True,0.4729642868041992
pid_m|p131,paperid_infu,pid_m,p131,True,True,0.08842587471008301
pid_m|p132,paperid_infu,pid_m,p132,True,True,0.10661393404006958
pid_m|p133,paperid_infu,pid_m,p133,True,True,0.11571967601776123
pid_m|p134,paperid_infu,pid_m,p134,True,True,0.10675454139709473
pid_m|p135,paperid_infu,pid_m,p135,True,True,0.15226686000823975
pid_m|p136,paperid_infu,pid_m,p136,True,True,0.2194662094116211
pid_m|p137,paperid_infu,pid_m,p137,True,True,0.12172079086303711
pid_m|p138,paperid_infu,pid_m,p138,True,True,0.1392289400100708
pid_m|p139,paperid_infu,pid_m,p139,True,True,0.16345953941345215
pid_m|p140,paperid_infu,pid_m,p140,True,True,0.18653762340545654
pid_m|p141,paperid_infu,pid_m,p141,True,True,0.12382161617279053
pid_m|p142,paperid_infu,pid_m,p142,True,True,0.2522141933441162
pid_m|p143,paperid_infu,pid_m,p143,True,True,0.13017237186431885
pid_m|p144,paperid_infu,pid_m,p144,True,True,0.1692730188369751
pid_m|p145,paperid_infu,pid_m,p145,True,True,0.2035723328590393
pid_m|p146,paperid_infu,pid_m,p146,True,True,0.09841978549957275
pid_m|p147,paperid_infu,pid_m,p147,True,True,0.27544015645980835
pid_m|p148,paperid_infu,pid_m,p148,True,True,0.21112078428268433
pid_m|p149,paperid_infu,pid_m,p149,True,False,
pid_m|p150,paperid_infu,pid_m,p150,True,True,0.1402498483657837
pid_m|p151,paperid_infu,pid_m,p151,True,True,0.1068413257598877
pid_m|p152,paperid_infu,pid_m,p152,True,False,
pid_m|p153,paperid_infu,pid_m,p153,True,True,0.08086931705474854
pid_m|p154,paperid_infu,pid_m,p154,True,True,0.21615248918533325
pid_m|p155,paperid_infu,pid_m,p155,True,True,0.16949713230133057
pid_m|p156,paperid_infu,pid_m,p156,True,True,0.10863673686981201
pid_m|p157,paperid_infu,pid_m,p157,True,True,0.11767792701721191
pid_m|p158,paperid_infu,pid_m,p158,True,True,0.17212802171707153
pid_m|p159,paperid_infu,pid_m,p159,True,True,0.1612950563430786
pid_m|p160,paperid_infu,pid_m,p160,True,True,0.11276715993881226
pid_m|p161,paperid_infu,pid_m,p161,True,True,0.12075507640838623
pid_m|p162,paperid_infu,pid_m,p162,True,True,0.09867513179779053
pid_m|p163,paperid_infu,pid_m,p163,True,True,0.1013786792755127
pid_m|p164,paperid_infu,pid_m,p164,True,True,0.29857832193374634
pid_m|p165,paperid_infu,pid_m,p165,True,True,0.13198089599609375
pid_m|p166,paperid_infu,pid_m,p166,True,True,0.12279176712036133
pid_m|p167,paperid_infu,pid_m,p167,True,True,0.541661947965622
pid_m|p168,paperid_infu,pid_m,p168,True,True,0.10564863681793213
pid_m|p169,paperid_infu,pid_m,p169,True,True,0.17889761924743652
pid_m|p170,paperid_infu,pid_m,p170,True,False,
pid_m|p171,paperid_infu,pid_m,p171,True,True,0.1156080961227417
pid_m|p172,paperid_infu,pid_m,p172,True,True,0.1205681562423706
pid_m|p173,paperid_infu,pid_m,p173,True,True,0.9926093933172524
pid_m|p174,paperid_infu,pid_m,p174,True,True,0.38735663890838623
pid_m|p175,paperid_infu,pid_m,p175,True,True,0.12385791540145874
pid_m|p176,paperid_infu,pid_m,p176,True,True,0.1671602725982666
pid_m|p177,paperid_infu,pid_m,p177,True,True,0.17883741855621338
pid_m|p178,paperid_infu,pid_m,p178,True,False,
pid_m|p179,paperid_infu,pid_m,p179,True,True,0.17814642190933228
pid_m|p180,paperid_infu,pid_m,p180,True,True,0.2595706582069397
pid_m|p181,paperid_infu,pid_m,p181,True,False,
pid_m|p182,paperid_infu,pid_m,p182,True,True,0.0984354019165039
pid_m|p183,paperid_infu,pid_m,p183,True,True,0.14913409948349
pid_m|p184,paperid_infu,pid_m,p184,True,False,
pid_m|p185,paperid_infu,pid_m,p185,True,True,0.1505085825920105
pid_m|p186,paperid_infu,pid_m,p186,True,True,0.08689773082733154
pid_m|p187,paperid_infu,pid_m,p187,True,True,0.21171116828918457
pid_m|p188,paperid_infu,pid_m,p188,True,True,0.42612576484680176
pid_m|p189,paperid_infu,pid_m,p189,True,True,0.11524927616119385
pid_m|p190,paperid_infu,pid_m,p190,True,False,
pid_m|p191,paperid_infu,pid_m,p191,True,True,0.12351030111312866
pid_m|p192,paperid_infu,pid_m,p192,True,True,0.15834271907806396
pid_m|p193,paperid_infu,pid_m,p193,True,True,0.26083558797836304
pid_m|p194,paperid_infu,pid_m,p194,True,False,
pid_m|p195,paperid_infu,pid_m,p195,True,True,0.22214043140411377
pid_m|p196,paperid_infu,pid_m,p196,True,True,0.11776775121688843
pid_m|p197,paperid_infu,pid_m,p197,True,False,
pid_m|p198,paperid_infu,pid_m,p198,True,False,
pid_m|p199,paperid_infu,pid_m,p199,True,True,1.0194899551570415
pid_m|p200,paperid_infu,pid_m,p200,True,True,0.10924720764160156
