iid,level,filter,id_loss_irse50
id01,0,none,0.0
id01,1,edge_preserve,0.10527908802032471
id01,2,stylize_25,0.4314846992492676
id01,3,stylize_45,0.5921874046325684
id01,4,stylize_60,0.5964015126228333
id01,5,pencil_colour,0.8284153044223785
id03,0,none,0.0
id03,1,edge_preserve,0.11683833599090576
id03,2,stylize_25,0.2841148376464844
id03,3,stylize_45,0.3285996913909912
id03,4,stylize_60,0.39534664154052734
id03,5,pencil_colour,0.6566932797431946
id05,0,none,0.0
id05,1,edge_preserve,0.05446267127990723
id05,2,stylize_25,0.2824678421020508
id05,3,stylize_45,0.322459876537323
id05,4,stylize_60,0.34609609842300415
id05,5,pencil_colour,0.6943911910057068
id07,0,none,0.0
id07,1,edge_preserve,0.11415684223175049
id07,2,stylize_25,0.2918580174446106
id07,3,stylize_45,0.3540552854537964
id07,4,stylize_60,0.43010735511779785
id07,5,pencil_colour,0.6746917963027954
id09,0,none,-1.1920928955078125e-07
id09,1,edge_preserve,0.11813801527023315
id09,2,stylize_25,0.35886484384536743
id09,3,stylize_45,0.4020587205886841
id09,4,stylize_60,0.5047613680362701
id09,5,pencil_colour,0.872248187661171
id10,0,none,0.0
id10,1,edge_preserve,0.10224086046218872
id10,2,stylize_25,0.3995456099510193
id10,3,stylize_45,0.3926645517349243
id10,4,stylize_60,0.4090656042098999
id10,5,pencil_colour,0.8759066984057426
id11,0,none,0.0
id11,1,edge_preserve,0.08880150318145752
id11,2,stylize_25,0.1986328363418579
id11,3,stylize_45,0.2473999261856079
id11,4,stylize_60,0.29513394832611084
id11,5,pencil_colour,0.7043428719043732
id12,0,none,-1.1920928955078125e-07
id12,1,edge_preserve,0.1175239086151123
id12,2,stylize_25,0.25700241327285767
id12,3,stylize_45,0.31078219413757324
id12,4,stylize_60,0.36684125661849976
id12,5,pencil_colour,0.7117400169372559
