cell,method,iid,pid,face_size,complexity,image_found,found_at,det_score,face_w_px,face_h_px,face_frac,id_loss_antelope,id_loss_irse50
id05|p003,pulid_s0,id05,p003,full,busy,True,none,,,,,,
id02|p021,pulid_s0,id02,p021,full,busy,True,full,0.5358936786651611,25.5743408203125,44.86822509765625,0.0011528613881319149,1.0117630902677774,0.8507660776376724
id01|p030,pulid_s0,id01,p030,full,busy,True,full,0.5674078464508057,77.09439086914062,92.447509765625,0.007160639076075927,0.935611292719841,0.9932007119059563
id05|p042,pulid_s0,id05,p042,full,busy,True,loose,0.3974861204624176,12.222427368164062,16.576202392578125,0.00020355242208688838,0.8971725478768349,0.8514845073223114
id08|p042,pulid_s0,id08,p042,full,busy,True,loose,0.3410907983779907,9.957839965820312,13.2791748046875,0.00013285259037841985,1.0207236539572477,1.031322531402111
id03|p051,pulid_s0,id03,p051,waist,single_object,True,none,,,,,,
id06|p051,pulid_s0,id06,p051,waist,single_object,True,none,,,,,,
id01|p064,pulid_s0,id01,p064,full,busy,True,none,,,,,,
id05|p064,pulid_s0,id05,p064,full,busy,True,none,,,,,,
id01|p070,pulid_s0,id01,p070,full,busy,True,loose,0.49563267827033997,35.035400390625,55.88037109375,0.0019669808723308422,1.0031755594536662,1.0491430759429932
id02|p070,pulid_s0,id02,p070,full,busy,True,pad,0.5083742737770081,36.18060302734375,39.55712890625,0.0014379187621206904,0.9538201577961445,0.8175919651985168
id06|p070,pulid_s0,id06,p070,full,busy,True,loose,0.4181232452392578,26.92709732055664,43.10430908203125,0.001166122072518117,0.9331844300031662,1.0046617202460766
id07|p070,pulid_s0,id07,p070,full,busy,True,loose,0.39255186915397644,28.441150665283203,39.0458984375,0.0011157229113480682,0.9309221655130386,1.1507764756679535
id08|p070,pulid_s0,id08,p070,full,busy,True,small,0.5334064960479736,75.1923828125,96.17764282226562,0.0072657718579955555,1.0288647022098303,1.0921796560287476
id05|p076,pulid_s0,id05,p076,waist,busy,True,none,,,,,,
id07|p076,pulid_s0,id07,p076,waist,busy,True,none,,,,,,
id06|p081,pulid_s0,id06,p081,full,busy,True,full,0.5937768220901489,19.439361572265625,35.44573974609375,0.0006922768589891033,0.9568023085594177,1.0052356757223606
id03|p084,pulid_s0,id03,p084,full,busy,True,loose,0.39673975110054016,8.226242065429688,10.861328125,8.976730851479518e-05,1.013287179172039,0.9505232572555542
id04|p084,pulid_s0,id04,p084,full,busy,True,full,0.5340744256973267,11.456146240234375,26.8883056640625,0.00030948227815667296,1.0351842753589153,1.0914290249347687
id08|p090,pulid_s0,id08,p090,full,busy,True,loose,0.35564327239990234,12.93914794921875,14.458984375,0.00018796511760954995,0.9533095583319664,0.9679028503596783
id01|p094,pulid_s0,id01,p094,full,plain,True,none,,,,,,
id02|p094,pulid_s0,id02,p094,full,plain,True,none,,,,,,
id05|p094,pulid_s0,id05,p094,full,plain,True,none,,,,,,
id08|p094,pulid_s0,id08,p094,full,plain,True,none,,,,,,
id03|p097,pulid_s0,id03,p097,full,plain,True,none,,,,,,
id09|p113,pulid_s0,id09,p113,closeup,plain,True,small,0.8490351438522339,584.0829467773438,870.6671142578125,0.5109288721908758,0.24804425239562988,0.2698251008987427
id12|p121,pulid_s0,id12,p121,full,busy,True,none,,,,,,
id13|p130,pulid_s0,id13,p130,full,busy,True,loose,0.3338501453399658,10.36407470703125,17.93023681640625,0.00018670258146745187,0.91102734208107,1.010189563035965
id15|p138,pulid_s0,id15,p138,closeup,plain,True,small,0.80314040184021,706.10498046875,994.5810546875,0.7055750717351466,0.4571220874786377,0.4629474878311157
id09|p145,pulid_s0,id09,p145,full,busy,True,none,,,,,,
id12|p149,pulid_s0,id12,p149,full,busy,True,none,,,,,,
id13|p149,pulid_s0,id13,p149,full,busy,True,none,,,,,,
id15|p149,pulid_s0,id15,p149,full,busy,True,none,,,,,,
id13|p151,pulid_s0,id13,p151,waist,single_object,True,none,,,,,,
id15|p151,pulid_s0,id15,p151,waist,single_object,True,none,,,,,,
id09|p152,pulid_s0,id09,p152,full,busy,True,loose,0.3522128462791443,17.710479736328125,44.40826416015625,0.0007901833749111788,1.106167159974575,0.9617608673870564
id10|p152,pulid_s0,id10,p152,full,busy,True,none,,,,,,
id11|p152,pulid_s0,id11,p152,full,busy,True,loose,0.33185163140296936,108.13922119140625,159.97613525390625,0.017380898872030124,1.0247089751064777,1.11244535446167
id13|p152,pulid_s0,id13,p152,full,busy,True,none,,,,,,
id09|p169,pulid_s0,id09,p169,closeup,plain,True,small,0.8433862924575806,612.4222412109375,833.1339721679688,0.5126247641480999,0.30201685428619385,0.3143932819366455
id09|p170,pulid_s0,id09,p170,full,busy,True,full,0.5024709105491638,66.16289520263672,98.11993408203125,0.006522371445173099,0.9991164328530431,0.9275912344455719
id10|p170,pulid_s0,id10,p170,full,busy,True,loose,0.3060484230518341,22.360107421875,36.28741455078125,0.0008151991131864949,1.002541694790125,1.0526135861873627
id13|p170,pulid_s0,id13,p170,full,busy,True,loose,0.4033750295639038,15.367919921875,40.419921875,0.0006240858339969023,0.909798726439476,0.9197477549314499
id14|p170,pulid_s0,id14,p170,full,busy,True,none,,,,,,
id14|p173,pulid_s0,id14,p173,full,busy,True,loose,0.3632444143295288,38.14154052734375,59.6419677734375,0.002285514348818932,0.9630979374051094,1.0455741211771965
id12|p178,pulid_s0,id12,p178,full,busy,True,none,,,,,,
id15|p178,pulid_s0,id15,p178,full,busy,True,none,,,,,,
id12|p181,pulid_s0,id12,p181,full,busy,True,none,,,,,,
id14|p181,pulid_s0,id14,p181,full,busy,True,none,,,,,,
id15|p181,pulid_s0,id15,p181,full,busy,True,none,,,,,,
id11|p182,pulid_s0,id11,p182,waist,single_object,True,small,0.5657864809036255,174.33782958984375,318.64495849609375,0.05581262769031917,0.8700785040855408,0.9935686215758324
id09|p184,pulid_s0,id09,p184,full,busy,True,full,0.5563482642173767,8.17303466796875,10.3770751953125,8.521029733336021e-05,1.0116014434024692,0.9867421388626099
id10|p184,pulid_s0,id10,p184,full,busy,True,full,0.7687610387802124,15.972015380859375,19.922271728515625,0.00031969242503123026,0.9991185124963522,0.9621840864419937
id12|p184,pulid_s0,id12,p184,full,busy,True,full,0.7916929721832275,18.70361328125,17.914352416992188,0.00033663587315092364,1.018289614468813,0.9768433384597301
id13|p184,pulid_s0,id13,p184,full,busy,True,loose,0.3703315854072571,17.3060302734375,20.33447265625,0.0003535608327928394,0.9618452787399292,1.0314328484237194
id14|p184,pulid_s0,id14,p184,full,busy,True,none,,,,,,
id15|p184,pulid_s0,id15,p184,full,busy,True,loose,0.32456958293914795,10.449188232421875,15.0606689453125,0.00015811045719272315,1.0221086516976357,0.9947408102452755
id11|p187,pulid_s0,id11,p187,full,busy,True,pad,0.5635513067245483,27.45367431640625,33.05877685546875,0.0009118450399288916,0.9653755649924278,0.9543416872620583
id09|p190,pulid_s0,id09,p190,full,busy,True,full,0.6007398962974548,25.074676513671875,29.34100341796875,0.0007391695868331218,0.9705751724541187,0.9227813184261322
id10|p190,pulid_s0,id10,p190,full,busy,True,none,,,,,,
id11|p190,pulid_s0,id11,p190,full,busy,True,loose,0.4051428735256195,5.217926025390625,6.8165283203125,3.5735096307203114e-05,0.924915723502636,1.0602133385837078
id13|p190,pulid_s0,id13,p190,full,busy,True,none,,,,,,
id15|p190,pulid_s0,id15,p190,full,busy,True,small,0.5898264646530151,37.36822509765625,48.83343505859375,0.0018333844196649245,0.9816875830292702,1.0103469416499138
id09|p194,pulid_s0,id09,p194,full,plain,True,none,,,,,,
id10|p194,pulid_s0,id10,p194,full,plain,True,none,,,,,,
id11|p194,pulid_s0,id11,p194,full,plain,True,none,,,,,,
id12|p194,pulid_s0,id12,p194,full,plain,True,none,,,,,,
id13|p194,pulid_s0,id13,p194,full,plain,True,none,,,,,,
id14|p194,pulid_s0,id14,p194,full,plain,True,none,,,,,,
id15|p194,pulid_s0,id15,p194,full,plain,True,loose,0.3878489136695862,144.98309326171875,108.57933044433594,0.015816059622744964,1.0473777204751968,0.9549404233694077
id09|p197,pulid_s0,id09,p197,full,plain,True,none,,,,,,
id10|p197,pulid_s0,id10,p197,full,plain,True,none,,,,,,
id15|p197,pulid_s0,id15,p197,full,plain,True,none,,,,,,
id10|p198,pulid_s0,id10,p198,waist,single_object,True,loose,0.4104878902435303,16.967071533203125,27.0623779296875,0.00046132462014877255,0.9497124664485455,0.9696327056735754
