key,face_dlib,id_loss_dlib
id01|p001_photoreal,True,0.018822789192199707
id03|p001_photoreal,True,0.020402133464813232
id05|p001_photoreal,True,0.02496570348739624
id07|p001_photoreal,True,0.015110969543457031
id01|p001_oil_painting,True,0.02059006690979004
id03|p001_oil_painting,True,0.02185755968093872
id05|p001_oil_painting,True,0.016911029815673828
id07|p001_oil_painting,True,0.015482544898986816
id01|p001_render_3d,True,0.08111703395843506
id03|p001_render_3d,True,0.0709465742111206
id05|p001_render_3d,True,0.06998908519744873
id07|p001_render_3d,True,0.060375988483428955
id01|p001_watercolour,True,0.04240316152572632
id03|p001_watercolour,True,0.06110644340515137
id05|p001_watercolour,True,0.03033667802810669
id07|p001_watercolour,True,0.049183666706085205
id01|p002_photoreal,True,0.02369028329849243
id03|p002_photoreal,True,0.02932155132293701
id05|p002_photoreal,True,0.019324302673339844
id07|p002_photoreal,True,0.01507258415222168
id01|p002_oil_painting,True,0.020657896995544434
id03|p002_oil_painting,True,0.02015244960784912
id05|p002_oil_painting,True,0.015553951263427734
id07|p002_oil_painting,True,0.018691599369049072
id01|p002_render_3d,True,0.08820611238479614
id03|p002_render_3d,True,0.03065425157546997
id05|p002_render_3d,True,0.08914190530776978
id07|p002_render_3d,True,0.06874990463256836
id01|p002_watercolour,True,0.04984092712402344
id03|p002_watercolour,True,0.027876615524291992
id05|p002_watercolour,True,0.062465548515319824
id07|p002_watercolour,True,0.04263484477996826
id01|p003_photoreal,True,0.029510676860809326
id03|p003_photoreal,False,
id05|p003_photoreal,False,
id07|p003_photoreal,True,0.024652719497680664
id01|p003_oil_painting,False,
id03|p003_oil_painting,False,
id05|p003_oil_painting,True,0.02698349952697754
id07|p003_oil_painting,False,
id01|p003_render_3d,True,0.10666227340698242
id03|p003_render_3d,True,0.05222684144973755
id05|p003_render_3d,True,0.09190225601196289
id07|p003_render_3d,True,0.05699354410171509
id01|p003_watercolour,False,
id03|p003_watercolour,False,
id05|p003_watercolour,True,0.09840768575668335
id07|p003_watercolour,False,
id01|p004_photoreal,True,0.02985250949859619
id03|p004_photoreal,True,0.02237790822982788
id05|p004_photoreal,True,0.024462103843688965
id07|p004_photoreal,True,0.01697099208831787
id01|p004_oil_painting,True,0.03231704235076904
id03|p004_oil_painting,True,0.026897668838500977
id05|p004_oil_painting,True,0.03279954195022583
id07|p004_oil_painting,True,0.03155314922332764
id01|p004_render_3d,True,0.12357425689697266
id03|p004_render_3d,True,0.09779822826385498
id05|p004_render_3d,True,0.08468747138977051
id07|p004_render_3d,True,0.0905260443687439
id01|p004_watercolour,True,0.05728447437286377
id03|p004_watercolour,True,0.10809624195098877
id05|p004_watercolour,True,0.09483504295349121
id07|p004_watercolour,True,0.08261394500732422
id01|p010_photoreal,True,0.01953256130218506
id03|p010_photoreal,True,0.01327502727508545
id05|p010_photoreal,True,0.0197904109954834
id07|p010_photoreal,True,0.020694375038146973
id01|p010_oil_painting,True,0.02438664436340332
id03|p010_oil_painting,True,0.02139371633529663
id05|p010_oil_painting,True,0.02535194158554077
id07|p010_oil_painting,True,0.014033198356628418
id01|p010_render_3d,True,0.028377532958984375
id03|p010_render_3d,True,0.014128684997558594
id05|p010_render_3d,True,0.03352546691894531
id07|p010_render_3d,True,0.026025891304016113
id01|p010_watercolour,True,0.023939132690429688
id03|p010_watercolour,True,0.016653478145599365
id05|p010_watercolour,True,0.02819967269897461
id07|p010_watercolour,True,0.02362537384033203
id01|p020_photoreal,True,0.02098703384399414
id03|p020_photoreal,True,0.02287876605987549
id05|p020_photoreal,True,0.02609550952911377
id07|p020_photoreal,True,0.01361382007598877
id01|p020_oil_painting,True,0.028382480144500732
id03|p020_oil_painting,True,0.02485489845275879
id05|p020_oil_painting,True,0.03017657995223999
id07|p020_oil_painting,True,0.01805257797241211
id01|p020_render_3d,True,0.0782654881477356
id03|p020_render_3d,True,0.07507026195526123
id05|p020_render_3d,True,0.08061426877975464
id07|p020_render_3d,True,0.09460300207138062
id01|p020_watercolour,True,0.027629494667053223
id03|p020_watercolour,True,0.029040992259979248
id05|p020_watercolour,True,0.023730933666229248
id07|p020_watercolour,True,0.02048969268798828
id01|p034_photoreal,True,0.026035070419311523
id03|p034_photoreal,True,0.016826510429382324
id05|p034_photoreal,True,0.024655938148498535
id07|p034_photoreal,True,0.018245458602905273
id01|p034_oil_painting,True,0.021643877029418945
id03|p034_oil_painting,True,0.01749098300933838
id05|p034_oil_painting,True,0.02120041847229004
id07|p034_oil_painting,True,0.0161973237991333
id01|p034_render_3d,True,0.04318702220916748
id03|p034_render_3d,True,0.03233855962753296
id05|p034_render_3d,True,0.020021557807922363
id07|p034_render_3d,True,0.01824057102203369
id01|p034_watercolour,True,0.02628004550933838
id03|p034_watercolour,True,0.021452903747558594
id05|p034_watercolour,True,0.03604710102081299
id07|p034_watercolour,True,0.019058644771575928
id01|p035_photoreal,True,0.028143763542175293
id03|p035_photoreal,True,0.01583576202392578
id05|p035_photoreal,False,
id07|p035_photoreal,True,0.01682347059249878
id01|p035_oil_painting,True,0.03207659721374512
id03|p035_oil_painting,True,0.01821768283843994
id05|p035_oil_painting,True,0.02133047580718994
id07|p035_oil_painting,True,0.014318883419036865
id01|p035_render_3d,True,0.0940779447555542
id03|p035_render_3d,True,0.0311623215675354
id05|p035_render_3d,True,0.08178091049194336
id07|p035_render_3d,True,0.07377821207046509
id01|p035_watercolour,True,0.06259560585021973
id03|p035_watercolour,True,0.05967944860458374
id05|p035_watercolour,True,0.04336732625961304
id07|p035_watercolour,True,0.03161805868148804
id01|p036_photoreal,True,0.02217257022857666
id03|p036_photoreal,True,0.01926940679550171
id05|p036_photoreal,True,0.017211318016052246
id07|p036_photoreal,True,0.017278850078582764
id01|p036_oil_painting,True,0.171095073223114
id03|p036_oil_painting,True,0.02642834186553955
id05|p036_oil_painting,True,0.024696052074432373
id07|p036_oil_painting,True,0.022408366203308105
id01|p036_render_3d,True,0.061451613903045654
id03|p036_render_3d,True,0.05621522665023804
id05|p036_render_3d,True,0.08124101161956787
id07|p036_render_3d,True,0.11168015003204346
id01|p036_watercolour,True,0.032012104988098145
id03|p036_watercolour,True,0.039825618267059326
id05|p036_watercolour,True,0.0988684892654419
id07|p036_watercolour,True,0.02910161018371582
id01|p039_photoreal,True,0.146922767162323
id03|p039_photoreal,True,0.0366402268409729
id05|p039_photoreal,True,0.04866325855255127
id07|p039_photoreal,True,0.01907438039779663
id01|p039_oil_painting,True,0.11272883415222168
id03|p039_oil_painting,True,0.03100895881652832
id05|p039_oil_painting,True,0.02717691659927368
id07|p039_oil_painting,True,0.11549383401870728
id01|p039_render_3d,True,0.07350653409957886
id03|p039_render_3d,True,0.10716903209686279
id05|p039_render_3d,True,0.07146209478378296
id07|p039_render_3d,True,0.025463461875915527
id01|p039_watercolour,False,
id03|p039_watercolour,True,0.16535091400146484
id05|p039_watercolour,True,0.13254189491271973
id07|p039_watercolour,True,0.10993272066116333
id01|p047_photoreal,True,0.027140498161315918
id03|p047_photoreal,True,0.019123733043670654
id05|p047_photoreal,True,0.022089242935180664
id07|p047_photoreal,True,0.01504749059677124
id01|p047_oil_painting,True,0.03048849105834961
id03|p047_oil_painting,True,0.020207762718200684
id05|p047_oil_painting,True,0.020942211151123047
id07|p047_oil_painting,True,0.022934317588806152
id01|p047_render_3d,True,0.057524025440216064
id03|p047_render_3d,True,0.057884275913238525
id05|p047_render_3d,True,0.0870293378829956
id07|p047_render_3d,True,0.02945631742477417
id01|p047_watercolour,True,0.031619369983673096
id03|p047_watercolour,True,0.02114582061767578
id05|p047_watercolour,True,0.09914416074752808
id07|p047_watercolour,False,
id01|p053_photoreal,True,0.02511221170425415
id03|p053_photoreal,True,0.020186424255371094
id05|p053_photoreal,True,0.035561323165893555
id07|p053_photoreal,True,0.018018782138824463
id01|p053_oil_painting,True,0.021183013916015625
id03|p053_oil_painting,True,0.020328640937805176
id05|p053_oil_painting,True,0.017262160778045654
id07|p053_oil_painting,True,0.015402257442474365
id01|p053_render_3d,True,0.05852532386779785
id03|p053_render_3d,True,0.03271758556365967
id05|p053_render_3d,True,0.05190223455429077
id07|p053_render_3d,True,0.044386863708496094
id01|p053_watercolour,True,0.025473058223724365
id03|p053_watercolour,True,0.02693694829940796
id05|p053_watercolour,True,0.025714457035064697
id07|p053_watercolour,True,0.02206289768218994
id01|p068_photoreal,True,0.020320475101470947
id03|p068_photoreal,True,0.018621444702148438
id05|p068_photoreal,True,0.01886063814163208
id07|p068_photoreal,True,0.01914137601852417
id01|p068_oil_painting,True,0.02107715606689453
id03|p068_oil_painting,True,0.018676340579986572
id05|p068_oil_painting,True,0.021695494651794434
id07|p068_oil_painting,True,0.017547249794006348
id01|p068_render_3d,True,0.026745915412902832
id03|p068_render_3d,True,0.02627122402191162
id05|p068_render_3d,True,0.0239943265914917
id07|p068_render_3d,True,0.03980368375778198
id01|p068_watercolour,True,0.023656070232391357
id03|p068_watercolour,True,0.032185912132263184
id05|p068_watercolour,True,0.019124329090118408
id07|p068_watercolour,True,0.02135598659515381
id01|p070_photoreal,True,0.15402311086654663
id03|p070_photoreal,True,0.015421390533447266
id05|p070_photoreal,True,0.019195497035980225
id07|p070_photoreal,False,
id01|p070_oil_painting,False,
id03|p070_oil_painting,True,0.015452384948730469
id05|p070_oil_painting,False,
id07|p070_oil_painting,True,0.11638438701629639
id01|p070_render_3d,False,
id03|p070_render_3d,True,0.02366495132446289
id05|p070_render_3d,True,0.02058565616607666
id07|p070_render_3d,False,
id01|p070_watercolour,False,
id03|p070_watercolour,False,
id05|p070_watercolour,True,0.1301385760307312
id07|p070_watercolour,False,
id01|p075_photoreal,True,0.028378307819366455
id03|p075_photoreal,True,0.01902294158935547
id05|p075_photoreal,True,0.025647521018981934
id07|p075_photoreal,True,0.017226219177246094
id01|p075_oil_painting,True,0.024745166301727295
id03|p075_oil_painting,True,0.02259814739227295
id05|p075_oil_painting,True,0.020597219467163086
id07|p075_oil_painting,True,0.017162799835205078
id01|p075_render_3d,True,0.02589118480682373
id03|p075_render_3d,True,0.01803499460220337
id05|p075_render_3d,True,0.024317502975463867
id07|p075_render_3d,True,0.03694021701812744
id01|p075_watercolour,True,0.029761195182800293
id03|p075_watercolour,True,0.10561227798461914
id05|p075_watercolour,True,0.02939891815185547
id07|p075_watercolour,True,0.06080681085586548
id01|p076_photoreal,True,0.028444647789001465
id03|p076_photoreal,True,0.018992066383361816
id05|p076_photoreal,True,0.018174469470977783
id07|p076_photoreal,False,
id01|p076_oil_painting,True,0.07424449920654297
id03|p076_oil_painting,True,0.02426779270172119
id05|p076_oil_painting,False,
id07|p076_oil_painting,False,
id01|p076_render_3d,True,0.09164243936538696
id03|p076_render_3d,True,0.04385709762573242
id05|p076_render_3d,True,0.12378287315368652
id07|p076_render_3d,True,0.017752766609191895
id01|p076_watercolour,True,0.02731013298034668
id03|p076_watercolour,True,0.01640009880065918
id05|p076_watercolour,False,
id07|p076_watercolour,False,
id01|p080_photoreal,True,0.024631977081298828
id03|p080_photoreal,True,0.0190240740776062
id05|p080_photoreal,True,0.025440335273742676
id07|p080_photoreal,True,0.019389450550079346
id01|p080_oil_painting,True,0.029189884662628174
id03|p080_oil_painting,True,0.01649153232574463
id05|p080_oil_painting,True,0.05065488815307617
id07|p080_oil_painting,True,0.015850067138671875
id01|p080_render_3d,True,0.029533028602600098
id03|p080_render_3d,True,0.019080698490142822
id05|p080_render_3d,True,0.06627976894378662
id07|p080_render_3d,True,0.021487712860107422
id01|p080_watercolour,True,0.030842065811157227
id03|p080_watercolour,True,0.022752225399017334
id05|p080_watercolour,True,0.036148786544799805
id07|p080_watercolour,True,0.03592514991760254
id01|p096_photoreal,True,0.0215836763381958
id03|p096_photoreal,True,0.018151938915252686
id05|p096_photoreal,True,0.015711426734924316
id07|p096_photoreal,True,0.017315030097961426
id01|p096_oil_painting,True,0.02278125286102295
id03|p096_oil_painting,True,0.02205479145050049
id05|p096_oil_painting,True,0.013057708740234375
id07|p096_oil_painting,True,0.019325554370880127
id01|p096_render_3d,True,0.02209794521331787
id03|p096_render_3d,True,0.023439645767211914
id05|p096_render_3d,True,0.14013320207595825
id07|p096_render_3d,True,0.025435566902160645
id01|p096_watercolour,True,0.02331399917602539
id03|p096_watercolour,True,0.02482891082763672
id05|p096_watercolour,True,0.026572346687316895
id07|p096_watercolour,True,0.09641283750534058
id09|p101_photoreal,True,0.0456012487411499
id10|p101_photoreal,True,0.04693114757537842
id11|p101_photoreal,True,0.04984617233276367
id12|p101_photoreal,True,0.033802926540374756
id09|p101_oil_painting,True,0.06801789999008179
id10|p101_oil_painting,True,0.070004403591156
id11|p101_oil_painting,True,0.05029779672622681
id12|p101_oil_painting,True,0.05177503824234009
id09|p101_render_3d,True,0.09753400087356567
id10|p101_render_3d,True,0.09871363639831543
id11|p101_render_3d,True,0.10759091377258301
id12|p101_render_3d,True,0.09512573480606079
id09|p101_watercolour,True,0.09279423952102661
id10|p101_watercolour,True,0.08254116773605347
id11|p101_watercolour,True,0.11966872215270996
id12|p101_watercolour,True,0.058502018451690674
id09|p102_photoreal,True,0.02345031499862671
id10|p102_photoreal,True,0.02497631311416626
id11|p102_photoreal,True,0.017451465129852295
id12|p102_photoreal,True,0.020809948444366455
id09|p102_oil_painting,True,0.020782947540283203
id10|p102_oil_painting,True,0.029082655906677246
id11|p102_oil_painting,True,0.022808432579040527
id12|p102_oil_painting,True,0.017602086067199707
id09|p102_render_3d,True,0.04882568120956421
id10|p102_render_3d,True,0.06777125597000122
id11|p102_render_3d,True,0.11475896835327148
id12|p102_render_3d,True,0.022841811180114746
id09|p102_watercolour,True,0.11847048997879028
id10|p102_watercolour,True,0.043792903423309326
id11|p102_watercolour,True,0.024013757705688477
id12|p102_watercolour,True,0.022185564041137695
id09|p103_photoreal,True,0.048287272453308105
id10|p103_photoreal,True,0.05629962682723999
id11|p103_photoreal,True,0.030006825923919678
id12|p103_photoreal,True,0.047040581703186035
id09|p103_oil_painting,True,0.06301546096801758
id10|p103_oil_painting,True,0.06968247890472412
id11|p103_oil_painting,True,0.03454887866973877
id12|p103_oil_painting,True,0.051436781883239746
id09|p103_render_3d,True,0.0420985221862793
id10|p103_render_3d,True,0.08309292793273926
id11|p103_render_3d,True,0.13534879684448242
id12|p103_render_3d,True,0.15733295679092407
id09|p103_watercolour,True,0.06110060214996338
id10|p103_watercolour,False,
id11|p103_watercolour,True,0.08259999752044678
id12|p103_watercolour,True,0.07239985466003418
id09|p110_photoreal,True,0.03312718868255615
id10|p110_photoreal,True,0.02780318260192871
id11|p110_photoreal,True,0.014030277729034424
id12|p110_photoreal,True,0.012971222400665283
id09|p110_oil_painting,True,0.027697324752807617
id10|p110_oil_painting,True,0.02715212106704712
id11|p110_oil_painting,True,0.01609671115875244
id12|p110_oil_painting,True,0.015241086483001709
id09|p110_render_3d,True,0.020694732666015625
id10|p110_render_3d,True,0.06850665807723999
id11|p110_render_3d,True,0.12930083274841309
id12|p110_render_3d,True,0.018112778663635254
id09|p110_watercolour,True,0.04078054428100586
id10|p110_watercolour,True,0.03390270471572876
id11|p110_watercolour,True,0.020461320877075195
id12|p110_watercolour,True,0.029030978679656982
id09|p120_photoreal,True,0.05401092767715454
id10|p120_photoreal,True,0.037909507751464844
id11|p120_photoreal,True,0.024258852005004883
id12|p120_photoreal,True,0.03463774919509888
id09|p120_oil_painting,True,0.053848326206207275
id10|p120_oil_painting,True,0.03851276636123657
id11|p120_oil_painting,True,0.03489577770233154
id12|p120_oil_painting,True,0.03911322355270386
id09|p120_render_3d,True,0.07095664739608765
id10|p120_render_3d,True,0.06746149063110352
id11|p120_render_3d,True,0.07088369131088257
id12|p120_render_3d,True,0.059824228286743164
id09|p120_watercolour,True,0.06707900762557983
id10|p120_watercolour,True,0.0534822940826416
id11|p120_watercolour,True,0.05133926868438721
id12|p120_watercolour,True,0.07164037227630615
id09|p122_photoreal,True,0.026808500289916992
id10|p122_photoreal,True,0.02653104066848755
id11|p122_photoreal,True,0.018411636352539062
id12|p122_photoreal,True,0.015507936477661133
id09|p122_oil_painting,True,0.02731114625930786
id10|p122_oil_painting,True,0.023694217205047607
id11|p122_oil_painting,True,0.014879405498504639
id12|p122_oil_painting,True,0.013518571853637695
id09|p122_render_3d,True,0.08713853359222412
id10|p122_render_3d,True,0.05416375398635864
id11|p122_render_3d,True,0.09065711498260498
id12|p122_render_3d,True,0.08594012260437012
id09|p122_watercolour,True,0.03063434362411499
id10|p122_watercolour,True,0.03571796417236328
id11|p122_watercolour,True,0.01855325698852539
id12|p122_watercolour,True,0.014222919940948486
id09|p134_photoreal,True,0.031620562076568604
id10|p134_photoreal,True,0.0345149040222168
id11|p134_photoreal,True,0.021303832530975342
id12|p134_photoreal,True,0.030558526515960693
id09|p134_oil_painting,True,0.03397947549819946
id10|p134_oil_painting,True,0.03336060047149658
id11|p134_oil_painting,True,0.02824258804321289
id12|p134_oil_painting,True,0.031080961227416992
id09|p134_render_3d,True,0.028591454029083252
id10|p134_render_3d,True,0.032631754875183105
id11|p134_render_3d,True,0.029253125190734863
id12|p134_render_3d,True,0.02739495038986206
id09|p134_watercolour,True,0.03271728754043579
id10|p134_watercolour,True,0.030017495155334473
id11|p134_watercolour,True,0.02534705400466919
id12|p134_watercolour,True,0.01746535301208496
id09|p135_photoreal,True,0.0532526969909668
id10|p135_photoreal,True,0.03265583515167236
id11|p135_photoreal,True,0.033661723136901855
id12|p135_photoreal,True,0.03714299201965332
id09|p135_oil_painting,True,0.053543925285339355
id10|p135_oil_painting,True,0.02916771173477173
id11|p135_oil_painting,True,0.037881433963775635
id12|p135_oil_painting,True,0.03842645883560181
id09|p135_render_3d,True,0.07845592498779297
id10|p135_render_3d,True,0.09371662139892578
id11|p135_render_3d,True,0.06232881546020508
id12|p135_render_3d,True,0.07788592576980591
id09|p135_watercolour,True,0.06524145603179932
id10|p135_watercolour,True,0.05825638771057129
id11|p135_watercolour,True,0.0599970817565918
id12|p135_watercolour,True,0.06921744346618652
id09|p136_photoreal,True,0.030062198638916016
id10|p136_photoreal,True,0.024836182594299316
id11|p136_photoreal,True,0.12706482410430908
id12|p136_photoreal,True,0.020655155181884766
id09|p136_oil_painting,True,0.025085866451263428
id10|p136_oil_painting,True,0.04875904321670532
id11|p136_oil_painting,True,0.029955625534057617
id12|p136_oil_painting,True,0.02945655584335327
id09|p136_render_3d,True,0.03262460231781006
id10|p136_render_3d,True,0.07386952638626099
id11|p136_render_3d,True,0.03282731771469116
id12|p136_render_3d,True,0.014210343360900879
id09|p136_watercolour,True,0.028034865856170654
id10|p136_watercolour,True,0.030244171619415283
id11|p136_watercolour,True,0.17128682136535645
id12|p136_watercolour,True,0.027821660041809082
id09|p137_photoreal,True,0.030242621898651123
id10|p137_photoreal,True,0.09973084926605225
id11|p137_photoreal,True,0.019240856170654297
id12|p137_photoreal,True,0.019031226634979248
id09|p137_oil_painting,True,0.02680671215057373
id10|p137_oil_painting,True,0.03151297569274902
id11|p137_oil_painting,True,0.01920008659362793
id12|p137_oil_painting,True,0.027760744094848633
id09|p137_render_3d,True,0.0532381534576416
id10|p137_render_3d,True,0.033416926860809326
id11|p137_render_3d,True,0.05742621421813965
id12|p137_render_3d,True,0.058778584003448486
id09|p137_watercolour,True,0.10082560777664185
id10|p137_watercolour,True,0.032339274883270264
id11|p137_watercolour,True,0.06426131725311279
id12|p137_watercolour,True,0.14853858947753906
id09|p147_photoreal,True,0.031213760375976562
id10|p147_photoreal,True,0.037290334701538086
id11|p147_photoreal,True,0.02441924810409546
id12|p147_photoreal,True,0.032761573791503906
id09|p147_oil_painting,True,0.02686840295791626
id10|p147_oil_painting,True,0.03757953643798828
id11|p147_oil_painting,True,0.016173839569091797
id12|p147_oil_painting,True,0.03325009346008301
id09|p147_render_3d,True,0.05144810676574707
id10|p147_render_3d,True,0.049512624740600586
id11|p147_render_3d,True,0.11879056692123413
id12|p147_render_3d,True,0.08804041147232056
id09|p147_watercolour,True,0.03526890277862549
id10|p147_watercolour,True,0.04175686836242676
id11|p147_watercolour,True,0.1221962571144104
id12|p147_watercolour,True,0.02814936637878418
id09|p153_photoreal,True,0.028875350952148438
id10|p153_photoreal,True,0.02344489097595215
id11|p153_photoreal,True,0.01611471176147461
id12|p153_photoreal,True,0.029758095741271973
id09|p153_oil_painting,True,0.028861522674560547
id10|p153_oil_painting,True,0.16628539562225342
id11|p153_oil_painting,True,0.025238335132598877
id12|p153_oil_painting,True,0.026413440704345703
id09|p153_render_3d,True,0.04142218828201294
id10|p153_render_3d,True,0.051431238651275635
id11|p153_render_3d,True,0.04793661832809448
id12|p153_render_3d,True,0.02144336700439453
id09|p153_watercolour,True,0.034773051738739014
id10|p153_watercolour,True,0.03292346000671387
id11|p153_watercolour,True,0.021598398685455322
id12|p153_watercolour,True,0.0389365553855896
id09|p168_photoreal,True,0.03201735019683838
id10|p168_photoreal,True,0.031319618225097656
id11|p168_photoreal,True,0.011768102645874023
id12|p168_photoreal,True,0.016774654388427734
id09|p168_oil_painting,True,0.03384900093078613
id10|p168_oil_painting,True,0.023400962352752686
id11|p168_oil_painting,True,0.01405411958694458
id12|p168_oil_painting,True,0.02212625741958618
id09|p168_render_3d,True,0.031577229499816895
id10|p168_render_3d,True,0.03132230043411255
id11|p168_render_3d,True,0.015544652938842773
id12|p168_render_3d,True,0.02017080783843994
id09|p168_watercolour,True,0.03545624017715454
id10|p168_watercolour,True,0.021028876304626465
id11|p168_watercolour,True,0.028218865394592285
id12|p168_watercolour,True,0.024680137634277344
id09|p169_photoreal,True,0.04987257719039917
id10|p169_photoreal,True,0.04435074329376221
id11|p169_photoreal,True,0.031233906745910645
id12|p169_photoreal,True,0.034914493560791016
id09|p169_oil_painting,True,0.04812049865722656
id10|p169_oil_painting,True,0.032868385314941406
id11|p169_oil_painting,True,0.03306233882904053
id12|p169_oil_painting,True,0.025315463542938232
id09|p169_render_3d,True,0.03368288278579712
id10|p169_render_3d,True,0.03179049491882324
id11|p169_render_3d,True,0.06348514556884766
id12|p169_render_3d,True,0.04454183578491211
id09|p169_watercolour,True,0.049648284912109375
id10|p169_watercolour,True,0.030412793159484863
id11|p169_watercolour,True,0.034011125564575195
id12|p169_watercolour,True,0.03152662515640259
id09|p170_photoreal,False,
id10|p170_photoreal,False,
id11|p170_photoreal,True,0.023955047130584717
id12|p170_photoreal,True,0.015988826751708984
id09|p170_oil_painting,True,0.027539372444152832
id10|p170_oil_painting,True,0.14421486854553223
id11|p170_oil_painting,True,0.02871549129486084
id12|p170_oil_painting,True,0.06658339500427246
id09|p170_render_3d,True,0.08806073665618896
id10|p170_render_3d,False,
id11|p170_render_3d,False,
id12|p170_render_3d,False,
id09|p170_watercolour,True,0.1850820779800415
id10|p170_watercolour,False,
id11|p170_watercolour,False,
id12|p170_watercolour,True,0.14736950397491455
id09|p175_photoreal,True,0.027233600616455078
id10|p175_photoreal,True,0.03112316131591797
id11|p175_photoreal,True,0.013956785202026367
id12|p175_photoreal,True,0.018048882484436035
id09|p175_oil_painting,True,0.030121564865112305
id10|p175_oil_painting,True,0.03314507007598877
id11|p175_oil_painting,True,0.017815589904785156
id12|p175_oil_painting,True,0.018331408500671387
id09|p175_render_3d,True,0.033760786056518555
id10|p175_render_3d,True,0.03339517116546631
id11|p175_render_3d,True,0.03398740291595459
id12|p175_render_3d,True,0.015296578407287598
id09|p175_watercolour,False,
id10|p175_watercolour,True,0.05495154857635498
id11|p175_watercolour,True,0.022854149341583252
id12|p175_watercolour,True,0.04693484306335449
id09|p180_photoreal,True,0.026429176330566406
id10|p180_photoreal,True,0.030132591724395752
id11|p180_photoreal,True,0.01911109685897827
id12|p180_photoreal,True,0.022800683975219727
id09|p180_oil_painting,True,0.027524888515472412
id10|p180_oil_painting,True,0.07373678684234619
id11|p180_oil_painting,True,0.017908871173858643
id12|p180_oil_painting,True,0.035410404205322266
id09|p180_render_3d,False,
id10|p180_render_3d,False,
id11|p180_render_3d,True,0.03924238681793213
id12|p180_render_3d,True,0.039294421672821045
id09|p180_watercolour,True,0.041436612606048584
id10|p180_watercolour,True,0.03494763374328613
id11|p180_watercolour,True,0.02107226848602295
id12|p180_watercolour,False,
id09|p196_photoreal,True,0.03988701105117798
id10|p196_photoreal,True,0.028220653533935547
id11|p196_photoreal,True,0.15048903226852417
id12|p196_photoreal,True,0.024081289768218994
id09|p196_oil_painting,True,0.04121136665344238
id10|p196_oil_painting,True,0.036723554134368896
id11|p196_oil_painting,True,0.053540825843811035
id12|p196_oil_painting,True,0.02268540859222412
id09|p196_render_3d,True,0.04817134141921997
id10|p196_render_3d,True,0.037972450256347656
id11|p196_render_3d,True,0.13064658641815186
id12|p196_render_3d,True,0.024204254150390625
id09|p196_watercolour,True,0.04764091968536377
id10|p196_watercolour,True,0.02997720241546631
id11|p196_watercolour,True,0.015076756477355957
id12|p196_watercolour,True,0.014748930931091309
