key,face_fn_casia,id_loss_fn_casia
id01__floor_0_none,True,0.0
id01__floor_1_edge_preserve,True,0.110289454
id01__floor_2_stylize_25,True,0.29901206
id01__floor_3_stylize_45,True,0.37036902
id01__floor_4_stylize_60,True,0.40931797
id01__floor_5_pencil_colour,True,1.0063026
id03__floor_0_none,True,-1.1920929e-07
id03__floor_1_edge_preserve,True,0.13797426
id03__floor_2_stylize_25,True,0.3129624
id03__floor_3_stylize_45,True,0.35942018
id03__floor_4_stylize_60,True,0.34906447
id03__floor_5_pencil_colour,True,0.52610767
id05__floor_0_none,True,0.0
id05__floor_1_edge_preserve,True,0.08965236
id05__floor_2_stylize_25,True,0.30630577
id05__floor_3_stylize_45,True,0.36830366
id05__floor_4_stylize_60,True,0.419914
id05__floor_5_pencil_colour,True,1.2847388
id07__floor_0_none,True,0.0
id07__floor_1_edge_preserve,True,0.19920313
id07__floor_2_stylize_25,True,0.48393518
id07__floor_3_stylize_45,True,0.50688297
id07__floor_4_stylize_60,True,0.53744596
id07__floor_5_pencil_colour,True,0.8761071
id09__floor_0_none,True,0.0
id09__floor_1_edge_preserve,True,0.1298517
id09__floor_2_stylize_25,True,0.53165275
id09__floor_3_stylize_45,True,0.5515955
id09__floor_4_stylize_60,True,0.5548441
id09__floor_5_pencil_colour,True,0.85073656
id10__floor_0_none,True,0.0
id10__floor_1_edge_preserve,True,0.15252584
id10__floor_2_stylize_25,True,0.38760018
id10__floor_3_stylize_45,True,0.41770655
id10__floor_4_stylize_60,True,0.5798688
id10__floor_5_pencil_colour,False,
id11__floor_0_none,True,-2.3841858e-07
id11__floor_1_edge_preserve,True,0.12881267
id11__floor_2_stylize_25,True,0.18634331
id11__floor_3_stylize_45,True,0.262949
id11__floor_4_stylize_60,True,0.37595224
id11__floor_5_pencil_colour,True,0.8671666
id12__floor_0_none,True,0.0
id12__floor_1_edge_preserve,True,0.14832681
id12__floor_2_stylize_25,True,0.3368088
id12__floor_3_stylize_45,True,0.3156507
id12__floor_4_stylize_60,True,0.35669208
id12__floor_5_pencil_colour,True,0.8487262
