key,face_sface,id_loss_sface
id01|p001_photoreal,True,0.3608406186103821
id03|p001_photoreal,True,0.27035439014434814
id05|p001_photoreal,True,0.37355178594589233
id07|p001_photoreal,True,0.27448487281799316
id01|p001_oil_painting,True,0.3327801823616028
id03|p001_oil_painting,True,0.23484814167022705
id05|p001_oil_painting,True,0.3712994456291199
id07|p001_oil_painting,True,0.2782762050628662
id01|p001_render_3d,True,0.29317009449005127
id03|p001_render_3d,True,0.31338560581207275
id05|p001_render_3d,True,0.3808560371398926
id07|p001_render_3d,True,0.3370434045791626
id01|p001_watercolour,True,0.29561012983322144
id03|p001_watercolour,True,0.323703408241272
id05|p001_watercolour,True,0.34303879737854004
id07|p001_watercolour,True,0.323536217212677
id01|p010_photoreal,True,0.29757171869277954
id03|p010_photoreal,True,0.29367202520370483
id05|p010_photoreal,True,0.2863267660140991
id07|p010_photoreal,True,0.21162080764770508
id01|p010_oil_painting,True,0.5036220550537109
id03|p010_oil_painting,True,0.27505189180374146
id05|p010_oil_painting,True,0.3022826910018921
id07|p010_oil_painting,True,0.33854061365127563
id01|p010_render_3d,True,0.3399566411972046
id03|p010_render_3d,True,0.3287094831466675
id05|p010_render_3d,True,0.3899115324020386
id07|p010_render_3d,True,0.35971468687057495
id01|p010_watercolour,True,0.2797750234603882
id03|p010_watercolour,True,0.2835540771484375
id05|p010_watercolour,True,0.3732212781906128
id07|p010_watercolour,True,0.2747780680656433
id01|p034_photoreal,True,0.3099970817565918
id03|p034_photoreal,True,0.25788992643356323
id05|p034_photoreal,True,0.340312123298645
id07|p034_photoreal,True,0.2186354398727417
id01|p034_oil_painting,True,0.3182562589645386
id03|p034_oil_painting,True,0.24123907089233398
id05|p034_oil_painting,True,0.24790263175964355
id07|p034_oil_painting,True,0.23210519552230835
id01|p034_render_3d,True,0.3159791827201843
id03|p034_render_3d,True,0.26570379734039307
id05|p034_render_3d,True,0.31591904163360596
id07|p034_render_3d,True,0.26303213834762573
id01|p034_watercolour,True,0.3256582021713257
id03|p034_watercolour,True,0.2853059768676758
id05|p034_watercolour,True,0.26925772428512573
id07|p034_watercolour,True,0.25162196159362793
id01|p039_photoreal,True,0.4043012857437134
id03|p039_photoreal,True,0.9475737400352955
id05|p039_photoreal,False,
id07|p039_photoreal,True,0.4250829219818115
id01|p039_oil_painting,True,0.856004148721695
id03|p039_oil_painting,True,1.0763240456581116
id05|p039_oil_painting,True,0.5405917465686798
id07|p039_oil_painting,True,0.8804969638586044
id01|p039_render_3d,True,0.4443278908729553
id03|p039_render_3d,False,
id05|p039_render_3d,False,
id07|p039_render_3d,True,0.9727770145982504
id01|p039_watercolour,True,0.8953291922807693
id03|p039_watercolour,False,
id05|p039_watercolour,True,0.8211773037910461
id07|p039_watercolour,True,0.8181304335594177
id01|p068_photoreal,True,0.30353134870529175
id03|p068_photoreal,True,0.2064133882522583
id05|p068_photoreal,True,0.29685497283935547
id07|p068_photoreal,True,0.28348851203918457
id01|p068_oil_painting,True,0.2987945079803467
id03|p068_oil_painting,True,0.27311182022094727
id05|p068_oil_painting,True,0.29258155822753906
id07|p068_oil_painting,True,0.2595212459564209
id01|p068_render_3d,True,0.34660273790359497
id03|p068_render_3d,True,0.25993669033050537
id05|p068_render_3d,True,0.27663683891296387
id07|p068_render_3d,True,0.2714332342147827
id01|p068_watercolour,True,0.3242466449737549
id03|p068_watercolour,True,0.24657857418060303
id05|p068_watercolour,True,0.26946592330932617
id07|p068_watercolour,True,0.2459324598312378
id01|p080_photoreal,True,0.4014531970024109
id03|p080_photoreal,True,0.3539133667945862
id05|p080_photoreal,True,0.5687415599822998
id07|p080_photoreal,False,
id01|p080_oil_painting,True,0.3624153137207031
id03|p080_oil_painting,True,0.34180277585983276
id05|p080_oil_painting,False,
id07|p080_oil_painting,True,0.31357574462890625
id01|p080_render_3d,True,0.29833710193634033
id03|p080_render_3d,False,
id05|p080_render_3d,False,
id07|p080_render_3d,False,
id01|p080_watercolour,True,0.3034687042236328
id03|p080_watercolour,True,0.30204057693481445
id05|p080_watercolour,True,0.48441970348358154
id07|p080_watercolour,True,0.2842758297920227
id09|p101_photoreal,True,0.48614662885665894
id10|p101_photoreal,True,0.4309200048446655
id11|p101_photoreal,True,0.43321889638900757
id12|p101_photoreal,True,0.410500705242157
id09|p101_oil_painting,True,0.4657366871833801
id10|p101_oil_painting,True,0.3362540602684021
id11|p101_oil_painting,True,0.4070441722869873
id12|p101_oil_painting,True,0.4116746187210083
id09|p101_render_3d,True,0.459028959274292
id10|p101_render_3d,True,0.4274035096168518
id11|p101_render_3d,True,0.37278497219085693
id12|p101_render_3d,True,0.39803218841552734
id09|p101_watercolour,True,0.5060666799545288
id10|p101_watercolour,True,0.4532936215400696
id11|p101_watercolour,True,0.422698438167572
id12|p101_watercolour,True,0.49729716777801514
id09|p122_photoreal,True,0.3323918581008911
id10|p122_photoreal,True,0.3774220943450928
id11|p122_photoreal,True,0.30235326290130615
id12|p122_photoreal,True,0.27107930183410645
id09|p122_oil_painting,True,0.3158000111579895
id10|p122_oil_painting,True,0.3179427981376648
id11|p122_oil_painting,True,0.2872532606124878
id12|p122_oil_painting,True,0.287611722946167
id09|p122_render_3d,True,0.29416316747665405
id10|p122_render_3d,True,0.3629992604255676
id11|p122_render_3d,True,0.3453049659729004
id12|p122_render_3d,True,0.2959343194961548
id09|p122_watercolour,True,0.335344135761261
id10|p122_watercolour,True,0.3011969327926636
id11|p122_watercolour,True,0.40454208850860596
id12|p122_watercolour,True,0.3216964602470398
id09|p134_photoreal,True,0.3066772222518921
id10|p134_photoreal,True,0.4610670804977417
id11|p134_photoreal,True,0.23545187711715698
id12|p134_photoreal,True,0.289598286151886
id09|p134_oil_painting,True,0.27832674980163574
id10|p134_oil_painting,True,0.4404287338256836
id11|p134_oil_painting,True,0.27968358993530273
id12|p134_oil_painting,True,0.26625680923461914
id09|p134_render_3d,True,0.32229799032211304
id10|p134_render_3d,True,0.3366568684577942
id11|p134_render_3d,True,0.42998671531677246
id12|p134_render_3d,True,0.2990570068359375
id09|p134_watercolour,True,0.3827889561653137
id10|p134_watercolour,True,0.3673173189163208
id11|p134_watercolour,True,0.39389073848724365
id12|p134_watercolour,True,0.30567848682403564
id09|p153_photoreal,True,0.342232882976532
id10|p153_photoreal,True,0.299787700176239
id11|p153_photoreal,True,0.282637357711792
id12|p153_photoreal,True,0.31625741720199585
id09|p153_oil_painting,True,0.4121074676513672
id10|p153_oil_painting,True,0.33752429485321045
id11|p153_oil_painting,True,0.28117501735687256
id12|p153_oil_painting,True,0.43618249893188477
id09|p153_render_3d,True,0.3519754409790039
id10|p153_render_3d,True,0.33342331647872925
id11|p153_render_3d,True,0.3276771306991577
id12|p153_render_3d,True,0.3134267330169678
id09|p153_watercolour,True,0.48118841648101807
id10|p153_watercolour,True,0.45058494806289673
id11|p153_watercolour,True,0.3119419813156128
id12|p153_watercolour,True,0.28163278102874756
id09|p168_photoreal,True,0.28810805082321167
id10|p168_photoreal,True,0.3254208564758301
id11|p168_photoreal,True,0.2682737112045288
id12|p168_photoreal,True,0.33517587184906006
id09|p168_oil_painting,True,0.25872254371643066
id10|p168_oil_painting,True,0.31135082244873047
id11|p168_oil_painting,True,0.2698049545288086
id12|p168_oil_painting,True,0.2886175513267517
id09|p168_render_3d,True,0.25935161113739014
id10|p168_render_3d,True,0.3488377332687378
id11|p168_render_3d,True,0.27909839153289795
id12|p168_render_3d,True,0.25300437211990356
id09|p168_watercolour,True,0.2781409025192261
id10|p168_watercolour,True,0.3295205235481262
id11|p168_watercolour,True,0.29457902908325195
id12|p168_watercolour,True,0.33097803592681885
id09|p169_photoreal,True,0.4241234064102173
id10|p169_photoreal,True,0.49109888076782227
id11|p169_photoreal,False,
id12|p169_photoreal,False,
id09|p169_oil_painting,True,0.47387492656707764
id10|p169_oil_painting,True,0.3912496566772461
id11|p169_oil_painting,True,0.5023620128631592
id12|p169_oil_painting,True,0.42026209831237793
id09|p169_render_3d,True,0.39172714948654175
id10|p169_render_3d,True,0.46365684270858765
id11|p169_render_3d,True,0.478599488735199
id12|p169_render_3d,False,
id09|p169_watercolour,True,0.4985041618347168
id10|p169_watercolour,True,0.3983343839645386
id11|p169_watercolour,True,0.377521276473999
id12|p169_watercolour,False,
