key,face_vggface,id_loss_vggface
id01|p001_photoreal,True,0.46406400203704834
id03|p001_photoreal,True,0.5706360936164856
id05|p001_photoreal,True,0.4838334321975708
id07|p001_photoreal,True,0.518780380487442
id01|p001_oil_painting,True,0.4286419153213501
id03|p001_oil_painting,True,0.5398833751678467
id05|p001_oil_painting,True,0.5665822327136993
id07|p001_oil_painting,True,0.5506147146224976
id01|p001_render_3d,True,0.4045217037200928
id03|p001_render_3d,True,0.5669087171554565
id05|p001_render_3d,True,0.6273006796836853
id07|p001_render_3d,True,0.537350594997406
id01|p001_watercolour,True,0.41957420110702515
id03|p001_watercolour,True,0.5250625014305115
id05|p001_watercolour,True,0.47103947401046753
id07|p001_watercolour,True,0.6111071109771729
id01|p010_photoreal,True,0.36246663331985474
id03|p010_photoreal,True,0.3185847997665405
id05|p010_photoreal,True,0.4758946895599365
id07|p010_photoreal,True,0.26735687255859375
id01|p010_oil_painting,True,0.5335437059402466
id03|p010_oil_painting,True,0.22239577770233154
id05|p010_oil_painting,True,0.34286266565322876
id07|p010_oil_painting,True,0.49124884605407715
id01|p010_render_3d,True,0.48206812143325806
id03|p010_render_3d,True,0.3151050806045532
id05|p010_render_3d,True,0.4939984083175659
id07|p010_render_3d,True,0.37249845266342163
id01|p010_watercolour,True,0.3405749201774597
id03|p010_watercolour,True,0.23239445686340332
id05|p010_watercolour,True,0.5136058032512665
id07|p010_watercolour,True,0.4574164152145386
id01|p034_photoreal,True,0.42838263511657715
id03|p034_photoreal,True,0.19410395622253418
id05|p034_photoreal,True,0.4518126845359802
id07|p034_photoreal,True,0.2157883644104004
id01|p034_oil_painting,True,0.36660873889923096
id03|p034_oil_painting,True,0.21920692920684814
id05|p034_oil_painting,True,0.38959968090057373
id07|p034_oil_painting,True,0.29495716094970703
id01|p034_render_3d,True,0.3859671354293823
id03|p034_render_3d,True,0.29111623764038086
id05|p034_render_3d,True,0.506018877029419
id07|p034_render_3d,True,0.36935698986053467
id01|p034_watercolour,True,0.32838761806488037
id03|p034_watercolour,True,0.25306421518325806
id05|p034_watercolour,True,0.4259495735168457
id07|p034_watercolour,True,0.31389564275741577
id01|p039_photoreal,True,0.4200262427330017
id03|p039_photoreal,True,0.9250705689191818
id05|p039_photoreal,True,0.8826831877231598
id07|p039_photoreal,True,0.9928134083747864
id01|p039_oil_painting,True,0.9646310433745384
id03|p039_oil_painting,True,0.9800227805972099
id05|p039_oil_painting,True,0.6269233822822571
id07|p039_oil_painting,True,0.9859460610896349
id01|p039_render_3d,True,0.5890262126922607
id03|p039_render_3d,True,0.9578568264842033
id05|p039_render_3d,True,0.9372212141752243
id07|p039_render_3d,True,0.9796736966818571
id01|p039_watercolour,True,0.9789677690714598
id03|p039_watercolour,True,0.9931865981779993
id05|p039_watercolour,True,0.9542181938886642
id07|p039_watercolour,True,0.979197084903717
id01|p068_photoreal,True,0.40640097856521606
id03|p068_photoreal,True,0.265017032623291
id05|p068_photoreal,True,0.32377296686172485
id07|p068_photoreal,True,0.5170371532440186
id01|p068_oil_painting,True,0.4028153419494629
id03|p068_oil_painting,True,0.4008833169937134
id05|p068_oil_painting,True,0.33125877380371094
id07|p068_oil_painting,True,0.4401758909225464
id01|p068_render_3d,True,0.36935317516326904
id03|p068_render_3d,True,0.29989802837371826
id05|p068_render_3d,True,0.3428114652633667
id07|p068_render_3d,True,0.3680140972137451
id01|p068_watercolour,True,0.36076104640960693
id03|p068_watercolour,True,0.32825136184692383
id05|p068_watercolour,True,0.36190229654312134
id07|p068_watercolour,True,0.37909626960754395
id01|p080_photoreal,True,0.36420345306396484
id03|p080_photoreal,True,0.4738585948944092
id05|p080_photoreal,True,0.817066490650177
id07|p080_photoreal,False,
id01|p080_oil_painting,True,0.5221949815750122
id03|p080_oil_painting,True,0.3373013138771057
id05|p080_oil_painting,False,
id07|p080_oil_painting,True,0.47654521465301514
id01|p080_render_3d,True,0.34242331981658936
id03|p080_render_3d,True,0.6996902525424957
id05|p080_render_3d,False,
id07|p080_render_3d,False,
id01|p080_watercolour,True,0.3882973790168762
id03|p080_watercolour,True,0.4390091896057129
id05|p080_watercolour,True,0.7653772532939911
id07|p080_watercolour,True,0.5211563408374786
id09|p101_photoreal,True,0.5658175945281982
id10|p101_photoreal,True,0.5898958444595337
id11|p101_photoreal,True,0.7705375254154205
id12|p101_photoreal,True,0.7221680879592896
id09|p101_oil_painting,True,0.6290262639522552
id10|p101_oil_painting,True,0.536394476890564
id11|p101_oil_painting,True,0.7672628462314606
id12|p101_oil_painting,True,0.7496421337127686
id09|p101_render_3d,True,0.6325169801712036
id10|p101_render_3d,True,0.4957699179649353
id11|p101_render_3d,True,0.6101397573947906
id12|p101_render_3d,True,0.7515309453010559
id09|p101_watercolour,True,0.6203297972679138
id10|p101_watercolour,True,0.6883238554000854
id11|p101_watercolour,True,0.7780586779117584
id12|p101_watercolour,True,0.8135648220777512
id09|p122_photoreal,True,0.24850142002105713
id10|p122_photoreal,True,0.44075900316238403
id11|p122_photoreal,True,0.3384038805961609
id12|p122_photoreal,True,0.3572145700454712
id09|p122_oil_painting,True,0.3766237497329712
id10|p122_oil_painting,True,0.44827818870544434
id11|p122_oil_painting,True,0.28319013118743896
id12|p122_oil_painting,True,0.325292706489563
id09|p122_render_3d,True,0.3656959533691406
id10|p122_render_3d,True,0.5239125192165375
id11|p122_render_3d,True,0.2930549383163452
id12|p122_render_3d,True,0.3941206932067871
id09|p122_watercolour,True,0.3410206437110901
id10|p122_watercolour,True,0.324346661567688
id11|p122_watercolour,True,0.3443593978881836
id12|p122_watercolour,True,0.4306861162185669
id09|p134_photoreal,True,0.24446332454681396
id10|p134_photoreal,True,0.4159884452819824
id11|p134_photoreal,True,0.31641316413879395
id12|p134_photoreal,True,0.4811464548110962
id09|p134_oil_painting,True,0.2588224411010742
id10|p134_oil_painting,True,0.47113096714019775
id11|p134_oil_painting,True,0.3563363552093506
id12|p134_oil_painting,True,0.5212517380714417
id09|p134_render_3d,True,0.3269590139389038
id10|p134_render_3d,True,0.44083815813064575
id11|p134_render_3d,True,0.39892709255218506
id12|p134_render_3d,True,0.5069359540939331
id09|p134_watercolour,True,0.35077041387557983
id10|p134_watercolour,True,0.41004371643066406
id11|p134_watercolour,True,0.33281445503234863
id12|p134_watercolour,True,0.2902491092681885
id09|p153_photoreal,True,0.2953487038612366
id10|p153_photoreal,True,0.3978554606437683
id11|p153_photoreal,True,0.48806750774383545
id12|p153_photoreal,True,0.32841867208480835
id09|p153_oil_painting,True,0.45307958126068115
id10|p153_oil_painting,True,0.3156074285507202
id11|p153_oil_painting,True,0.3092328906059265
id12|p153_oil_painting,True,0.4405013918876648
id09|p153_render_3d,True,0.3191577196121216
id10|p153_render_3d,True,0.3611938953399658
id11|p153_render_3d,True,0.5098545551300049
id12|p153_render_3d,True,0.48786449432373047
id09|p153_watercolour,True,0.42646145820617676
id10|p153_watercolour,True,0.3553360104560852
id11|p153_watercolour,True,0.3716602325439453
id12|p153_watercolour,True,0.30241793394088745
id09|p168_photoreal,True,0.2563292980194092
id10|p168_photoreal,True,0.33752262592315674
id11|p168_photoreal,True,0.50323286652565
id12|p168_photoreal,True,0.4798542261123657
id09|p168_oil_painting,True,0.2860088348388672
id10|p168_oil_painting,True,0.33479130268096924
id11|p168_oil_painting,True,0.253568172454834
id12|p168_oil_painting,True,0.4980030655860901
id09|p168_render_3d,True,0.26714229583740234
id10|p168_render_3d,True,0.3566378951072693
id11|p168_render_3d,True,0.335995078086853
id12|p168_render_3d,True,0.4965475797653198
id09|p168_watercolour,True,0.28619199991226196
id10|p168_watercolour,True,0.29839420318603516
id11|p168_watercolour,True,0.33230888843536377
id12|p168_watercolour,True,0.4449302554130554
id09|p169_photoreal,True,0.4704415798187256
id10|p169_photoreal,True,0.5019519031047821
id11|p169_photoreal,True,0.747599184513092
id12|p169_photoreal,True,0.713630884885788
id09|p169_oil_painting,True,0.5010829567909241
id10|p169_oil_painting,True,0.5291601717472076
id11|p169_oil_painting,True,0.6738824546337128
id12|p169_oil_painting,True,0.5503575801849365
id09|p169_render_3d,True,0.5232198238372803
id10|p169_render_3d,True,0.570415198802948
id11|p169_render_3d,True,0.711933970451355
id12|p169_render_3d,True,0.6377119421958923
id09|p169_watercolour,True,0.49532753229141235
id10|p169_watercolour,True,0.5047548413276672
id11|p169_watercolour,True,0.6368453502655029
id12|p169_watercolour,True,0.7908740639686584
